PROJID	gse	SAMID	sample_file	sample_name
PROJ001	GSE158013	SAM0001	X066-MP0C1W1_leukopak_nuclei_multiome_200M	X066-MP0C1W1_leukopak_nuclei_multiome_200M
PROJ001	GSE158013	SAM0002	X066-MP0C1W2_leukopak_perm-cells_multiome_200M	X066-MP0C1W2_leukopak_perm-cells_multiome_200M
PROJ002	GSE163323	SAM0003	SN_MULTI_2942	SN_MULTI_2942
PROJ002	GSE163323	SAM0004	SN_MULTI_2960	SN_MULTI_2960
PROJ002	GSE163323	SAM0005	SN_MULTI_2972	SN_MULTI_2972
PROJ003	GSE165114	SAM0006	E13_MGE_multi	E13_MGE_multi
PROJ004	GSE166188	SAM0007	LLL_STIM	LLL_STIM
PROJ004	GSE166188	SAM0008	LLL_CTRL	LLL_CTRL
PROJ004	GSE166188	SAM0009	DIG_STIM	DIG_STIM
PROJ004	GSE166188	SAM0010	DIG_CTRL	DIG_CTRL
PROJ005	GSE166797	SAM0011	GM12878_rep2	GM12878_rep2
PROJ005	GSE166797	SAM0012	GM12878_rep1	GM12878_rep1
PROJ006	GSE169519	SAM0013	Control_Multi	Control_Multi
PROJ006	GSE169519	SAM0014	Ikzf14_Multi	Ikzf14_Multi
PROJ007	GSE178453	SAM0015	HF1M-Cryo	HF1M-Cryo
PROJ008	GSE178707	SAM0016	Standard_Multiome_GM12878	Standard_Multiome_GM12878
PROJ009	GSE180900	SAM0017	P2 whole kidneys	P2 whole kidneys
PROJ009	GSE180900	SAM0018	E16.5 whole kidneys	E16.5 whole kidneys
PROJ010	GSE182202	SAM0019	P1_cochlea_wildtype_10x_scRNA_scATAC_filtered_feature_bc_matrix	P1_cochlea_wildtype_10x_scRNA_scATAC_filtered_feature_bc_matrix
PROJ010	GSE182202	SAM0020	P8_cochlea_wildtype_10x_scRNA_scATAC_filtered_feature_bc_matrix	P8_cochlea_wildtype_10x_scRNA_scATAC_filtered_feature_bc_matrix
PROJ011	GSE185789	SAM0021	GSE185789	GSE185789
PROJ012	GSE192780	SAM0022	042718M-TRM	042718M-TRM
PROJ012	GSE192780	SAM0023	041218M-TRM	041218M-TRM
PROJ012	GSE192780	SAM0024	042718M-ReCir	042718M-ReCir
PROJ012	GSE192780	SAM0025	100809M-TRM	100809M-TRM
PROJ012	GSE192780	SAM0026	100809M-ReCir	100809M-ReCir
PROJ012	GSE192780	SAM0027	012320M-TRM	012320M-TRM
PROJ012	GSE192780	SAM0028	012320M-ReCir	012320M-ReCir
PROJ012	GSE192780	SAM0029	041218M-ReCir	041218M-ReCir
PROJ013	GSE193238	SAM0030	P21208_1004	P21208_1004
PROJ013	GSE193238	SAM0031	P21208_1005	P21208_1005
PROJ014	GSE193240	SAM0032	PD004	PD004
PROJ014	GSE193240	SAM0033	PD003	PD003
PROJ015	GSE193688	SAM0034	P4653	P4653
PROJ015	GSE193688	SAM0035	P02284	P02284
PROJ015	GSE193688	SAM0036	P4884	P4884
PROJ015	GSE193688	SAM0037	P5626	P5626
PROJ015	GSE193688	SAM0038	YC5442	YC5442
PROJ015	GSE193688	SAM0039	YC5813	YC5813
PROJ015	GSE193688	SAM0040	C16007	C16007
PROJ015	GSE193688	SAM0041	P5331	P5331
PROJ015	GSE193688	SAM0042	C4361	C4361
PROJ015	GSE193688	SAM0043	C4660	C4660
PROJ015	GSE193688	SAM0044	P4560	P4560
PROJ015	GSE193688	SAM0045	P6320	P6320
PROJ015	GSE193688	SAM0046	P5662	P5662
PROJ015	GSE193688	SAM0047	YC5751	YC5751
PROJ015	GSE193688	SAM0048	YC5928	YC5928
PROJ015	GSE193688	SAM0049	C4176	C4176
PROJ015	GSE193688	SAM0050	C4634	C4634
PROJ015	GSE193688	SAM0051	P6259	P6259
PROJ015	GSE193688	SAM0052	C4322	C4322
PROJ015	GSE193688	SAM0053	P6326	P6326
PROJ015	GSE193688	SAM0054	P6323	P6323
PROJ015	GSE193688	SAM0055	YC5626	YC5626
PROJ015	GSE193688	SAM0056	C4814	C4814
PROJ015	GSE193688	SAM0057	C4691	C4691
PROJ015	GSE193688	SAM0058	C5410	C5410
PROJ015	GSE193688	SAM0059	P4919	P4919
PROJ015	GSE193688	SAM0060	P4772	P4772
PROJ015	GSE193688	SAM0061	YC5276	YC5276
PROJ015	GSE193688	SAM0062	YC4345	YC4345
PROJ015	GSE193688	SAM0063	YC6235	YC6235
PROJ015	GSE193688	SAM0064	P4205	P4205
PROJ015	GSE193688	SAM0065	YC5346	YC5346
PROJ015	GSE193688	SAM0066	P5318	P5318
PROJ015	GSE193688	SAM0067	YC914	YC914
PROJ016	GSE196990	SAM0068	bmmc	bmmc
PROJ016	GSE196990	SAM0069	pbmc	pbmc
PROJ017	GSE197912	SAM0070	H9d7_GRHL2_KO	H9d7_GRHL2_KO
PROJ017	GSE197912	SAM0071	H9d7_WT	H9d7_WT
PROJ018	GSE199636	SAM0072	txpscislet1	txpscislet1
PROJ018	GSE199636	SAM0073	humanislet2	humanislet2
PROJ018	GSE199636	SAM0074	CTCFDox	CTCFDox
PROJ018	GSE199636	SAM0075	shGFPCtrl	shGFPCtrl
PROJ018	GSE199636	SAM0076	scislet2	scislet2
PROJ018	GSE199636	SAM0077	week4	week4
PROJ018	GSE199636	SAM0078	humanislet3	humanislet3
PROJ018	GSE199636	SAM0079	txpscislet3	txpscislet3
PROJ018	GSE199636	SAM0080	month6	month6
PROJ018	GSE199636	SAM0081	week2	week2
PROJ018	GSE199636	SAM0082	scislet1	scislet1
PROJ018	GSE199636	SAM0083	week3	week3
PROJ018	GSE199636	SAM0084	CTCFCtrl	CTCFCtrl
PROJ018	GSE199636	SAM0085	shARID1B	shARID1B
PROJ018	GSE199636	SAM0086	humanislet4	humanislet4
PROJ018	GSE199636	SAM0087	txpscislet2	txpscislet2
PROJ018	GSE199636	SAM0088	month12	month12
PROJ018	GSE199636	SAM0089	humanislet1	humanislet1
PROJ019	GSE199994	SAM0090	HD1	HD1
PROJ019	GSE199994	SAM0091	P1	P1
PROJ019	GSE199994	SAM0092	P2	P2
PROJ019	GSE199994	SAM0093	P4	P4
PROJ019	GSE199994	SAM0094	P5	P5
PROJ019	GSE199994	SAM0095	P6	P6
PROJ019	GSE199994	SAM0096	P7	P7
PROJ019	GSE199994	SAM0097	P8	P8
PROJ019	GSE199994	SAM0098	HD2	HD2
PROJ019	GSE199994	SAM0099	P3	P3
PROJ020	GSE200046	SAM0100	BM_CD34_Rep2	BM_CD34_Rep2
PROJ020	GSE200046	SAM0101	BM_Tcelldep_Rep1	BM_Tcelldep_Rep1
PROJ020	GSE200046	SAM0102	BM_Tcelldep_Rep2	BM_Tcelldep_Rep2
PROJ020	GSE200046	SAM0103	BM_CD34_Rep1	BM_CD34_Rep1
PROJ021	GSE202543	SAM0104	Multiome_E2APBX1_CAR_T_D7_Spleen	Multiome_E2APBX1_CAR_T_D7_Spleen
PROJ021	GSE202543	SAM0105	Multiome_B16_CAR_T_D7_Tumor	Multiome_B16_CAR_T_D7_Tumor
PROJ021	GSE202543	SAM0106	Multiome_E2APBX1_CAR_T_D7_Spleen_Ctrl	Multiome_E2APBX1_CAR_T_D7_Spleen_Ctrl
PROJ021	GSE202543	SAM0107	Multiome_E2APBX1_CAR_T_D7_Spleen_Foxp1KO	Multiome_E2APBX1_CAR_T_D7_Spleen_Foxp1KO
PROJ021	GSE202543	SAM0108	Multiome_E2APBX1_CAR_T_D7_Spleen_Klf2KO	Multiome_E2APBX1_CAR_T_D7_Spleen_Klf2KO
PROJ022	GSE205117	SAM0109	E7.5_rep1	E7.5_rep1
PROJ022	GSE205117	SAM0110	E7.5_rep2	E7.5_rep2
PROJ022	GSE205117	SAM0111	E7.75_rep1	E7.75_rep1
PROJ022	GSE205117	SAM0112	E8.0_rep1	E8.0_rep1
PROJ022	GSE205117	SAM0113	E8.0_rep2	E8.0_rep2
PROJ022	GSE205117	SAM0114	E8.5_CRISPR_T_KO	E8.5_CRISPR_T_KO
PROJ022	GSE205117	SAM0115	E8.5_CRISPR_T_WT	E8.5_CRISPR_T_WT
PROJ022	GSE205117	SAM0116	E8.5_rep1	E8.5_rep1
PROJ022	GSE205117	SAM0117	E8.5_rep2	E8.5_rep2
PROJ022	GSE205117	SAM0118	E8.75_rep1	E8.75_rep1
PROJ022	GSE205117	SAM0119	E8.75_rep2	E8.75_rep2
PROJ023	GSE205229	SAM0120	multiome	multiome
PROJ024	GSE205387	SAM0121	REW__51c215__7eeed7__Dros_rotundGAL4_GAL80ts_eiger_10x_multi_s1	REW__51c215__7eeed7__Dros_rotundGAL4_GAL80ts_eiger_10x_multi_s1
PROJ024	GSE205387	SAM0122	REW__454c70__69c6c8__Dros_rotundGAL4_GAL80ts_eiger_10x_multi_s3	REW__454c70__69c6c8__Dros_rotundGAL4_GAL80ts_eiger_10x_multi_s3
PROJ024	GSE205387	SAM0123	REW__e37570__709b79__Dros_rotundGAL4_GAL80ts_ctrl_10x_multi_s2	REW__e37570__709b79__Dros_rotundGAL4_GAL80ts_ctrl_10x_multi_s2
PROJ025	GSE205560	SAM0124	neonateWT	neonateWT
PROJ025	GSE205560	SAM0125	adultWT	adultWT
PROJ025	GSE205560	SAM0126	neonateKO	neonateKO
PROJ025	GSE205560	SAM0127	adultKO	adultKO
PROJ026	GSE205570	SAM0128	Multiome_BM_vehicle	Multiome_BM_vehicle
PROJ026	GSE205570	SAM0129	Multiome_BM_BRM014	Multiome_BM_BRM014
PROJ026	GSE205570	SAM0130	Multiome_PB_BRM014	Multiome_PB_BRM014
PROJ026	GSE205570	SAM0131	Multiome_PB_vehicle	Multiome_PB_vehicle
PROJ027	GSE207335	SAM0132	S2	S2
PROJ027	GSE207335	SAM0133	S1	S1
PROJ028	GSE208039	SAM0134	GSE208039	GSE208039
PROJ029	GSE208742	SAM0135	Multiome_GFP	Multiome_GFP
PROJ029	GSE208742	SAM0136	Multiome_PmutNgn2	Multiome_PmutNgn2
PROJ029	GSE208742	SAM0137	Multiome_Ngn2	Multiome_Ngn2
PROJ029	GSE208742	SAM0138	Multiome_Astro	Multiome_Astro
PROJ030	GSE209610	SAM0139	AKI_GFP+_4weeks_1	AKI_GFP+_4weeks_1
PROJ030	GSE209610	SAM0140	AKI_GFP+_4weeks_2	AKI_GFP+_4weeks_2
PROJ030	GSE209610	SAM0141	AKI_GFP+_4weeks_3	AKI_GFP+_4weeks_3
PROJ030	GSE209610	SAM0142	AKI_GFP+_6months_1	AKI_GFP+_6months_1
PROJ030	GSE209610	SAM0143	AKI_GFP+_6months_2	AKI_GFP+_6months_2
PROJ030	GSE209610	SAM0144	AKI_GFP+_6months_3	AKI_GFP+_6months_3
PROJ030	GSE209610	SAM0145	AKI_GFP+_6months_4	AKI_GFP+_6months_4
PROJ030	GSE209610	SAM0146	AKI_GFP-_4weeks	AKI_GFP-_4weeks
PROJ030	GSE209610	SAM0147	AKI_GFP-_6months	AKI_GFP-_6months
PROJ030	GSE209610	SAM0148	Ctrl_4weeks_1	Ctrl_4weeks_1
PROJ030	GSE209610	SAM0149	Ctrl_4weeks_2	Ctrl_4weeks_2
PROJ030	GSE209610	SAM0150	Ctrl_6months_1	Ctrl_6months_1
PROJ031	GSE210251	SAM0151	Multiome_mutant_nr5a2_GFP_2	Multiome_mutant_nr5a2_GFP_2
PROJ031	GSE210251	SAM0152	Multiome_control_nr5a2_GFP_2	Multiome_control_nr5a2_GFP_2
PROJ032	GSE210432	SAM0153	1	Multiome - GEX - Patient 1
PROJ032	GSE210432	SAM0154	4	Multiome - GEX - Patient 4
PROJ032	GSE210432	SAM0155	12	Multiome - GEX - Patient 12
PROJ032	GSE210432	SAM0156	15	Multiome - GEX - Patient 15
PROJ032	GSE210432	SAM0157	16	Multiome - GEX - Patient 16
PROJ032	GSE210432	SAM0158	18	Multiome - GEX - Patient 18
PROJ032	GSE210432	SAM0159	21	Multiome - GEX - Patient 21
PROJ032	GSE210432	SAM0160	24	Multiome - GEX - Patient 24
PROJ032	GSE210432	SAM0161	30	Multiome - GEX - Patient 30
PROJ032	GSE210432	SAM0162	35	Multiome - GEX - Patient 35
PROJ032	GSE210432	SAM0163	36	Multiome - GEX - Patient 36
PROJ032	GSE210432	SAM0164	38	Multiome - GEX - Patient 38
PROJ032	GSE210432	SAM0165	41	Multiome - GEX - Patient 41
PROJ032	GSE210432	SAM0166	42	Multiome - GEX - Patient 42
PROJ032	GSE210432	SAM0167	5	Multiome - GEX - Patient 5
PROJ032	GSE210432	SAM0168	7	Multiome - GEX - Patient 7
PROJ032	GSE210432	SAM0169	8	Multiome - GEX - Patient 8
PROJ033	GSE210566	SAM0170	P-6253	P-6253
PROJ033	GSE210566	SAM0171	P-1694	P-1694
PROJ033	GSE210566	SAM0172	P-1764	P-1764
PROJ033	GSE210566	SAM0173	P-6774	P-6774
PROJ033	GSE210566	SAM0174	P-1779	P-1779
PROJ033	GSE210566	SAM0175	P-6337	P-6337
PROJ033	GSE210566	SAM0176	P-1780	P-1780
PROJ033	GSE210566	SAM0177	P-1701	P-1701
PROJ033	GSE210566	SAM0178	P-6640	P-6640
PROJ033	GSE210566	SAM0179	P-1709	P-1709
PROJ034	GSE210736	SAM0180	9M_CO_3	9M_CO_3
PROJ034	GSE210736	SAM0181	9M_CO_2	9M_CO_2
PROJ034	GSE210736	SAM0182	12M_CO_3	12M_CO_3
PROJ034	GSE210736	SAM0183	5M_CO_2	5M_CO_2
PROJ034	GSE210736	SAM0184	12M_CO_2	12M_CO_2
PROJ034	GSE210736	SAM0185	5M_CO	5M_CO
PROJ034	GSE210736	SAM0186	8M_CO	8M_CO
PROJ034	GSE210736	SAM0187	12M_CO	12M_CO
PROJ034	GSE210736	SAM0188	5M_CO_3	5M_CO_3
PROJ035	GSE211140	SAM0189	C3	C3
PROJ035	GSE211140	SAM0190	C2	C2
PROJ035	GSE211140	SAM0191	C1	C1
PROJ035	GSE211140	SAM0192	Library9	Library9
PROJ035	GSE211140	SAM0193	Library2	Library2
PROJ035	GSE211140	SAM0194	Library7	Library7
PROJ035	GSE211140	SAM0195	Library3	Library3
PROJ035	GSE211140	SAM0196	Library8	Library8
PROJ035	GSE211140	SAM0197	Library6	Library6
PROJ035	GSE211140	SAM0198	BF1	BF1
PROJ035	GSE211140	SAM0199	BF2	BF2
PROJ035	GSE211140	SAM0200	Library5	Library5
PROJ035	GSE211140	SAM0201	Library4	Library4
PROJ035	GSE211140	SAM0202	Library1	Library1
PROJ035	GSE211140	SAM0203	BF3	BF3
PROJ036	GSE211387	SAM0204	2329_WT_10W_cortex	2329_WT_10W_cortex
PROJ036	GSE211387	SAM0205	2330_G34R_10W_cortex	2330_G34R_10W_cortex
PROJ036	GSE211387	SAM0206	2358_G34R_10W_cortex	2358_G34R_10W_cortex
PROJ036	GSE211387	SAM0207	2359_WT_10W_cortex	2359_WT_10W_cortex
PROJ036	GSE211387	SAM0208	6_WT_P7_cortex	6_WT_P7_cortex
PROJ036	GSE211387	SAM0209	8_G34R_P7_cortex	8_G34R_P7_cortex
PROJ037	GSE212707	SAM0210	C1	C1
PROJ037	GSE212707	SAM0211	C2	C2
PROJ037	GSE212707	SAM0212	C3	C3
PROJ037	GSE212707	SAM0213	S1	S1
PROJ037	GSE212707	SAM0214	S2	S2
PROJ037	GSE212707	SAM0215	S3	S3
PROJ037	GSE212707	SAM0216	HBr_15_A	HBr_15_A
PROJ037	GSE212707	SAM0217	HBr_15_B	HBr_15_B
PROJ037	GSE212707	SAM0218	HBr_15_C	HBr_15_C
PROJ037	GSE212707	SAM0219	L1	L1
PROJ037	GSE212707	SAM0220	L2	L2
PROJ037	GSE212707	SAM0221	L4	L4
PROJ038	GSE213151	SAM0222	AN1-1_d26	AN1-1_d26
PROJ038	GSE213151	SAM0223	H9_d16	H9_d16
PROJ038	GSE213151	SAM0224	BJFF6_d26	BJFF6_d26
PROJ038	GSE213151	SAM0225	H9_d12	H9_d12
PROJ038	GSE213151	SAM0226	H9_d19	H9_d19
PROJ038	GSE213151	SAM0227	H9_d26	H9_d26
PROJ038	GSE213151	SAM0228	H9_d7	H9_d7
PROJ038	GSE213151	SAM0229	AN1-1_d19	AN1-1_d19
PROJ038	GSE213151	SAM0230	AN1-1_d12	AN1-1_d12
PROJ038	GSE213151	SAM0231	AN1-1_d7	AN1-1_d7
PROJ039	GSE217194	SAM0232	GSE217194	GSE217194
PROJ040	GSE218576	SAM0233	B6E13-5-2	B6E13-5-2
PROJ040	GSE218576	SAM0234	B6E14-5-1	B6E14-5-1
PROJ040	GSE218576	SAM0235	B6E14-0-1	B6E14-0-1
PROJ040	GSE218576	SAM0236	B6E12-5-1	B6E12-5-1
PROJ040	GSE218576	SAM0237	B6E13-5-3	B6E13-5-3
PROJ040	GSE218576	SAM0238	B6E12-5-2	B6E12-5-2
PROJ040	GSE218576	SAM0239	B6E14-0-2	B6E14-0-2
PROJ040	GSE218576	SAM0240	B6E14-5-2	B6E14-5-2
PROJ040	GSE218576	SAM0241	B6E13-5-1	B6E13-5-1
PROJ041	GSE220112	SAM0242	RS411_DMSO10h	RS411_DMSO10h
PROJ041	GSE220112	SAM0243	RS411_Wee1i10h	RS411_Wee1i10h
PROJ042	GSE220848	SAM0244	snMultiome_Brain_7	snMultiome_Brain_7
PROJ042	GSE220848	SAM0245	snMultiome_Brain_8	snMultiome_Brain_8
PROJ043	GSE222346	SAM0246	sgCtr	sgCtr
PROJ043	GSE222346	SAM0247	sgPbrm1	sgPbrm1
PROJ043	GSE222346	SAM0248	sgArid2	sgArid2
PROJ044	GSE222373	SAM0249	C2	C2
PROJ044	GSE222373	SAM0250	C1	C1
PROJ044	GSE222373	SAM0251	AF1	AF1
PROJ044	GSE222373	SAM0252	AF2	AF2
PROJ045	GSE222454	SAM0253	MULTIOME_Paris_Lib1	MULTIOME_Paris_Lib1
PROJ045	GSE222454	SAM0254	MULTIOME_MPI	MULTIOME_MPI
PROJ045	GSE222454	SAM0255	MULTIOME_Paris_Lib2	MULTIOME_Paris_Lib2
PROJ046	GSE223041	SAM0256	Day_2-2	Day_2-2
PROJ046	GSE223041	SAM0257	Day_2-3	Day_2-3
PROJ046	GSE223041	SAM0258	Day_6-1	Day_6-1
PROJ046	GSE223041	SAM0259	Day_4-2	Day_4-2
PROJ046	GSE223041	SAM0260	Day_4-1	Day_4-1
PROJ046	GSE223041	SAM0261	Day_6-2	Day_6-2
PROJ046	GSE223041	SAM0262	Day_2-1	Day_2-1
PROJ047	GSE224193	SAM0263	451_AAVS1	451_AAVS1
PROJ047	GSE224193	SAM0264	451_EGR2	451_EGR2
PROJ047	GSE224193	SAM0265	539_AAVS1	539_AAVS1
PROJ047	GSE224193	SAM0266	539_EGR2	539_EGR2
PROJ048	GSE224756	SAM0267	Multiome_P14_Cl13_D7_Spleen_pMig_Control	Multiome_P14_Cl13_D7_Spleen_pMig_Control
PROJ048	GSE224756	SAM0268	Multiome_P14_Cl13_D7_Spleen_CA_NRF2	Multiome_P14_Cl13_D7_Spleen_CA_NRF2
PROJ049	GSE225021	SAM0269	PRNBSN_R2	PRNBSN_R2
PROJ049	GSE225021	SAM0270	PRNBSA_R1	PRNBSA_R1
PROJ049	GSE225021	SAM0271	PRNBS_R2	PRNBS_R2
PROJ049	GSE225021	SAM0272	PRNB_R2	PRNB_R2
PROJ049	GSE225021	SAM0273	PRNBSA_R2	PRNBSA_R2
PROJ049	GSE225021	SAM0274	PRNBS_R1	PRNBS_R1
PROJ049	GSE225021	SAM0275	PRNB_R1	PRNB_R1
PROJ049	GSE225021	SAM0276	PRNBSN_R1	PRNBSN_R1
PROJ050	GSE225566	SAM0277	B3_180	B3_180
PROJ050	GSE225566	SAM0278	B1_100	B1_100
PROJ050	GSE225566	SAM0279	A3_395	A3_395
PROJ050	GSE225566	SAM0280	A2_397	A2_397
PROJ050	GSE225566	SAM0281	B5_197	B5_197
PROJ050	GSE225566	SAM0282	A4_399	A4_399
PROJ050	GSE225566	SAM0283	B2_179	B2_179
PROJ050	GSE225566	SAM0284	B4_198	B4_198
PROJ050	GSE225566	SAM0285	B6_199	B6_199
PROJ050	GSE225566	SAM0286	A1_396	A1_396
PROJ051	GSE226277	SAM0287	CTXAH1	CTXAH1
PROJ051	GSE226277	SAM0288	HypoRH	HypoRH
PROJ051	GSE226277	SAM0289	HypoRH2	HypoRH2
PROJ051	GSE226277	SAM0290	CTXRH1	CTXRH1
PROJ051	GSE226277	SAM0291	HypoAH	HypoAH
PROJ051	GSE226277	SAM0292	HypoAH2	HypoAH2
PROJ052	GSE227280	SAM0293	COVID	COVID
PROJ052	GSE227280	SAM0294	noCOVID	noCOVID
PROJ053	GSE227555	SAM0295	50_filtered	50_filtered
PROJ053	GSE227555	SAM0296	75_filtered	75_filtered
PROJ053	GSE227555	SAM0297	UT_filtered	UT_filtered
PROJ054	GSE228551	SAM0298	6d_brains_Mut_AGN002628_AGN002629	6d_brains_Mut_AGN002628_AGN002629
PROJ054	GSE228551	SAM0299	6d_brains_WT_AGN002630_AGN002631	6d_brains_WT_AGN002630_AGN002631
PROJ055	GSE228669	SAM0300	MSC	MSC
PROJ056	GSE229513	SAM0301	48h	48h
PROJ056	GSE229513	SAM0302	52h	52h
PROJ057	GSE230389	SAM0303	GBML181	GBML181
PROJ057	GSE230389	SAM0304	IDHm	IDHm
PROJ058	GSE230766	SAM0305	A11C3	A11C3
PROJ058	GSE230766	SAM0306	A9C1	A9C1
PROJ059	GSE231681	SAM0307	KT	KT
PROJ059	GSE231681	SAM0308	KT_2	KT_2
PROJ059	GSE231681	SAM0309	KPT	KPT
PROJ059	GSE231681	SAM0310	KFT	KFT
PROJ059	GSE231681	SAM0311	KPT_2	KPT_2
PROJ059	GSE231681	SAM0312	KFT_2	KFT_2
PROJ060	GSE232001	SAM0313	ilc2_pre-transplant_rep2	ilc2_pre-transplant_rep2
PROJ060	GSE232001	SAM0314	ILC2_post-transplant_rep1	ILC2_post-transplant_rep1
PROJ060	GSE232001	SAM0315	pcILC2_rep1	pcILC2_rep1
PROJ060	GSE232001	SAM0316	ilc2_pre-transplant_rep1	ilc2_pre-transplant_rep1
PROJ060	GSE232001	SAM0317	ILC2_post-transplant_rep2	ILC2_post-transplant_rep2
PROJ060	GSE232001	SAM0318	pcILC2_rep2	pcILC2_rep2
PROJ061	GSE232222	SAM0319	AIL5160	AIL5160
PROJ061	GSE232222	SAM0320	AJDL105	AJDL105
PROJ061	GSE232222	SAM0321	AIIM164	AIIM164
PROJ061	GSE232222	SAM0322	090922Nx	090922Nx
PROJ061	GSE232222	SAM0323	AJDV174	AJDV174
PROJ061	GSE232222	SAM0324	091422Nx	091422Nx
PROJ062	GSE232961	SAM0325	KO	KO
PROJ062	GSE232961	SAM0326	WT	WT
PROJ063	GSE233151	SAM0327	e12_Het	e12_Het
PROJ063	GSE233151	SAM0328	e12_KO	e12_KO
PROJ063	GSE233151	SAM0329	e12_WT	e12_WT
PROJ063	GSE233151	SAM0330	e15_Het	e15_Het
PROJ063	GSE233151	SAM0331	e15_KO	e15_KO
PROJ063	GSE233151	SAM0332	e15_WT	e15_WT
PROJ064	GSE233706	SAM0333	E12_5_rep1	E12_5_rep1
PROJ064	GSE233706	SAM0334	E12_5_rep2	E12_5_rep2
PROJ065	GSE234906	SAM0335	EPCR	EPCR
PROJ065	GSE234906	SAM0336	Whole_culture	Whole_culture
PROJ066	GSE234943	SAM0337	MM-WT22	MM-WT22
PROJ067	GSE235314	SAM0338	CEA	CEA
PROJ067	GSE235314	SAM0339	BLA	BLA
PROJ068	GSE235499	SAM0340	PBMC_Multiome_Tn5hc	PBMC_Multiome_Tn5hc
PROJ068	GSE235499	SAM0341	PBMC_Multiome_10xTn5	PBMC_Multiome_10xTn5
PROJ068	GSE235499	SAM0342	PBMC_Multiome_Tn5hc_50perc	PBMC_Multiome_Tn5hc_50perc
PROJ069	GSE235501	SAM0343	PBMC_Multiome_10xTn5	PBMC_Multiome_10xTn5
PROJ069	GSE235501	SAM0344	PBMC_Multiome_Tn5hc_50perc	PBMC_Multiome_Tn5hc_50perc
PROJ069	GSE235501	SAM0345	PBMC_Multiome_Tn5hc	PBMC_Multiome_Tn5hc
PROJ070	GSE235503	SAM0346	TF1_IDH2MUT	TF1_IDH2MUT
PROJ070	GSE235503	SAM0347	TF1_IDH2WT	TF1_IDH2WT
PROJ071	GSE236667	SAM0348	GSE236667	GSE236667
PROJ072	GSE237448	SAM0349	CM	CM
PROJ072	GSE237448	SAM0350	DMSO	DMSO
PROJ072	GSE237448	SAM0351	PBS	PBS
PROJ072	GSE237448	SAM0352	BFA	BFA
PROJ073	GSE238050	SAM0353	Foxr2_p53	Foxr2_p53
PROJ073	GSE238050	SAM0354	Foxr2_r1	Foxr2_r1
PROJ073	GSE238050	SAM0355	Foxr2_r2_	Foxr2_r2_
PROJ074	GSE238276	SAM0356	PS1	PS1
PROJ074	GSE238276	SAM0357	PS3	PS3
PROJ074	GSE238276	SAM0358	PS5	PS5
PROJ074	GSE238276	SAM0359	PS6	PS6
PROJ074	GSE238276	SAM0360	PSD3AS	PSD3AS
PROJ074	GSE238276	SAM0361	PSD3HES6	PSD3HES6
PROJ074	GSE238276	SAM0362	PSD3scram	PSD3scram
PROJ074	GSE238276	SAM0363	PSD6AS	PSD6AS
PROJ074	GSE238276	SAM0364	D3Ne	D3Ne
PROJ074	GSE238276	SAM0365	PSD6HES6	PSD6HES6
PROJ074	GSE238276	SAM0366	PSD6ND123	PSD6ND123
PROJ074	GSE238276	SAM0367	PSD6Ne	PSD6Ne
PROJ074	GSE238276	SAM0368	PSD6scram	PSD6scram
PROJ075	GSE239276	SAM0369	d21	d21
PROJ075	GSE239276	SAM0370	d0	d0
PROJ075	GSE239276	SAM0371	d14	d14
PROJ076	GSE239477	SAM0372	T5	T5
PROJ076	GSE239477	SAM0373	A2	A2
PROJ076	GSE239477	SAM0374	A9	A9
PROJ076	GSE239477	SAM0375	A2W	A2W
PROJ076	GSE239477	SAM0376	N1	N1
PROJ076	GSE239477	SAM0377	A3	A3
PROJ076	GSE239477	SAM0378	N4	N4
PROJ076	GSE239477	SAM0379	A6	A6
PROJ076	GSE239477	SAM0380	T4	T4
PROJ076	GSE239477	SAM0381	T1	T1
PROJ076	GSE239477	SAM0382	A11	A11
PROJ076	GSE239477	SAM0383	A1W	A1W
PROJ076	GSE239477	SAM0384	T7	T7
PROJ076	GSE239477	SAM0385	P9	P9
PROJ076	GSE239477	SAM0386	N7	N7
PROJ076	GSE239477	SAM0387	P10	P10
PROJ076	GSE239477	SAM0388	A0	A0
PROJ076	GSE239477	SAM0389	N6	N6
PROJ076	GSE239477	SAM0390	A4	A4
PROJ076	GSE239477	SAM0391	N2W	N2W
PROJ076	GSE239477	SAM0392	P1W	P1W
PROJ076	GSE239477	SAM0393	A1	A1
PROJ076	GSE239477	SAM0394	P11	P11
PROJ076	GSE239477	SAM0395	A10	A10
PROJ076	GSE239477	SAM0396	T6	T6
PROJ076	GSE239477	SAM0397	P5	P5
PROJ076	GSE239477	SAM0398	P4	P4
PROJ076	GSE239477	SAM0399	P1	P1
PROJ076	GSE239477	SAM0400	P2	P2
PROJ076	GSE239477	SAM0401	P7	P7
PROJ076	GSE239477	SAM0402	P8	P8
PROJ076	GSE239477	SAM0403	P6	P6
PROJ077	GSE239480	SAM0404	2606_M	2606_M
PROJ077	GSE239480	SAM0405	2607_M	2607_M
PROJ077	GSE239480	SAM0406	2618_M	2618_M
PROJ077	GSE239480	SAM0407	2643_C	2643_C
PROJ077	GSE239480	SAM0408	2645_C	2645_C
PROJ077	GSE239480	SAM0409	370_C	370_C
PROJ078	GSE239799	SAM0410	30_CC0022	30_CC0022
PROJ078	GSE239799	SAM0411	31_CC0022	31_CC0022
PROJ078	GSE239799	SAM0412	32_CC0022	32_CC0022
PROJ078	GSE239799	SAM0413	33_CC0053	33_CC0053
PROJ078	GSE239799	SAM0414	34_CC0061	34_CC0061
PROJ078	GSE239799	SAM0415	35_CC0061	35_CC0061
PROJ078	GSE239799	SAM0416	36_CC0061	36_CC0061
PROJ078	GSE239799	SAM0417	37_CC0120	37_CC0120
PROJ078	GSE239799	SAM0418	38_CC0069	38_CC0069
PROJ078	GSE239799	SAM0419	39_CC0069	39_CC0069
PROJ078	GSE239799	SAM0420	40_CC0069	40_CC0069
PROJ078	GSE239799	SAM0421	41_CC0107	41_CC0107
PROJ078	GSE239799	SAM0422	42_CC0111	42_CC0111
PROJ078	GSE239799	SAM0423	43_CC0111	43_CC0111
PROJ078	GSE239799	SAM0424	44_CC0111	44_CC0111
PROJ078	GSE239799	SAM0425	45_CC0154	45_CC0154
PROJ078	GSE239799	SAM0426	46_CC0138	46_CC0138
PROJ078	GSE239799	SAM0427	47_CC0138	47_CC0138
PROJ078	GSE239799	SAM0428	48_CC0138	48_CC0138
PROJ078	GSE239799	SAM0429	49_CC0385	49_CC0385
PROJ078	GSE239799	SAM0430	50_CC0191	50_CC0191
PROJ078	GSE239799	SAM0431	51_CC0191	51_CC0191
PROJ078	GSE239799	SAM0432	52_CC0191	52_CC0191
PROJ078	GSE239799	SAM0433	54_CC0249	54_CC0249
PROJ078	GSE239799	SAM0434	55_CC0249	55_CC0249
PROJ078	GSE239799	SAM0435	56_CC0249	56_CC0249
PROJ078	GSE239799	SAM0436	57_CC0054	57_CC0054
PROJ078	GSE239799	SAM0437	58_CC0256	58_CC0256
PROJ078	GSE239799	SAM0438	59_CC0256	59_CC0256
PROJ078	GSE239799	SAM0439	60_CC0256	60_CC0256
PROJ078	GSE239799	SAM0440	61_CC0216	61_CC0216
PROJ078	GSE239799	SAM0441	62_CC0294	62_CC0294
PROJ078	GSE239799	SAM0442	63_CC0294	63_CC0294
PROJ078	GSE239799	SAM0443	64_CC0294	64_CC0294
PROJ078	GSE239799	SAM0444	66_CC0350	66_CC0350
PROJ078	GSE239799	SAM0445	67_CC0407	67_CC0407
PROJ078	GSE239799	SAM0446	68_CC0443	68_CC0443
PROJ078	GSE239799	SAM0447	70_CC0572	70_CC0572
PROJ078	GSE239799	SAM0448	71_CC0594	71_CC0594
PROJ078	GSE239799	SAM0449	72_CC0688	72_CC0688
PROJ078	GSE239799	SAM0450	73_CC0710	73_CC0710
PROJ078	GSE239799	SAM0451	74_CC0716	74_CC0716
PROJ078	GSE239799	SAM0452	76_CC0829	76_CC0829
PROJ079	GSE239848	SAM0453	SW_CTL_1	SW_CTL_1
PROJ079	GSE239848	SAM0454	SW_DN_1	SW_DN_1
PROJ079	GSE239848	SAM0455	VEH_DN_2	VEH_DN_2
PROJ079	GSE239848	SAM0456	VEH_DN_1	VEH_DN_1
PROJ079	GSE239848	SAM0457	VEH_CTL	VEH_CTL
PROJ079	GSE239848	SAM0458	SW_DN_2	SW_DN_2
PROJ079	GSE239848	SAM0459	SW_CTL_2	SW_CTL_2
PROJ080	GSE239915	SAM0460	YW1	YW1
PROJ080	GSE239915	SAM0461	YW10	YW10
PROJ080	GSE239915	SAM0462	YW2	YW2
PROJ080	GSE239915	SAM0463	YW3	YW3
PROJ080	GSE239915	SAM0464	YW4	YW4
PROJ080	GSE239915	SAM0465	YW5	YW5
PROJ080	GSE239915	SAM0466	YW6	YW6
PROJ080	GSE239915	SAM0467	YW8	YW8
PROJ080	GSE239915	SAM0468	YW9	YW9
PROJ080	GSE239915	SAM0469	HD1	HD1
PROJ081	GSE239937	SAM0470	Brg1_WT_M2	Brg1_WT_M2
PROJ081	GSE239937	SAM0471	Brg1_HET_M7	Brg1_HET_M7
PROJ081	GSE239937	SAM0472	Brg1_WT_M3	Brg1_WT_M3
PROJ081	GSE239937	SAM0473	Brg1_HET_M6	Brg1_HET_M6
PROJ081	GSE239937	SAM0474	Brg1_HET_M8	Brg1_HET_M8
PROJ081	GSE239937	SAM0475	Brg1_HET_M5	Brg1_HET_M5
PROJ081	GSE239937	SAM0476	Brg1_WT_M1	Brg1_WT_M1
PROJ081	GSE239937	SAM0477	Brg1_WT_M4	Brg1_WT_M4
PROJ082	GSE239999	SAM0478	GSM7049631	GSM7049631
PROJ083	GSE240583	SAM0479	WT_rep3	WT_rep3
PROJ083	GSE240583	SAM0480	KO_rep3	KO_rep3
PROJ083	GSE240583	SAM0481	KO_rep1	KO_rep1
PROJ083	GSE240583	SAM0482	KO_rep2	KO_rep2
PROJ083	GSE240583	SAM0483	WT_rep2	WT_rep2
PROJ083	GSE240583	SAM0484	WT_rep1	WT_rep1
PROJ084	GSE240984	SAM0485	GSE240984	GSE240984
PROJ085	GSE241468	SAM0486	MN2	MN2
PROJ085	GSE241468	SAM0487	FN3	FN3
PROJ085	GSE241468	SAM0488	FS1	FS1
PROJ085	GSE241468	SAM0489	FS4	FS4
PROJ085	GSE241468	SAM0490	MS1	MS1
PROJ085	GSE241468	SAM0491	MS4	MS4
PROJ085	GSE241468	SAM0492	MN3	MN3
PROJ085	GSE241468	SAM0493	FN2	FN2
PROJ085	GSE241468	SAM0494	FN1	FN1
PROJ085	GSE241468	SAM0495	FN4	FN4
PROJ085	GSE241468	SAM0496	MS2	MS2
PROJ085	GSE241468	SAM0497	FS3	FS3
PROJ085	GSE241468	SAM0498	MS3	MS3
PROJ085	GSE241468	SAM0499	FS2	FS2
PROJ085	GSE241468	SAM0500	MN1	MN1
PROJ085	GSE241468	SAM0501	MN4	MN4
PROJ086	GSE241895	SAM0502	pc131_normal	pc131_normal
PROJ086	GSE241895	SAM0503	pc131_tumor	pc131_tumor
PROJ087	GSE242997	SAM0504	Donor1_DMSO	Donor1_DMSO
PROJ087	GSE242997	SAM0505	Donor1_iBET151	Donor1_iBET151
PROJ087	GSE242997	SAM0506	Donor1_Prostratin	Donor1_Prostratin
PROJ087	GSE242997	SAM0507	Donor1_SAHA-VOR	Donor1_SAHA-VOR
PROJ087	GSE242997	SAM0508	Donor2_DMSO	Donor2_DMSO
PROJ087	GSE242997	SAM0509	Donor2_iBET151	Donor2_iBET151
PROJ087	GSE242997	SAM0510	Donor2_Prostratin	Donor2_Prostratin
PROJ087	GSE242997	SAM0511	Donor2_SAHA-VOR	Donor2_SAHA-VOR
PROJ088	GSE243609	SAM0512	RS03060	RS03060
PROJ088	GSE243609	SAM0513	032103	32103
PROJ088	GSE243609	SAM0514	RS03056	RS03056
PROJ089	GSE244132	SAM0515	MF51	MF51
PROJ089	GSE244132	SAM0516	MF55	MF55
PROJ089	GSE244132	SAM0517	MF42	MF42
PROJ089	GSE244132	SAM0518	MF50	MF50
PROJ089	GSE244132	SAM0519	MF56	MF56
PROJ089	GSE244132	SAM0520	MF38	MF38
PROJ089	GSE244132	SAM0521	MF41	MF41
PROJ089	GSE244132	SAM0522	MF44	MF44
PROJ089	GSE244132	SAM0523	MF61	MF61
PROJ089	GSE244132	SAM0524	MF64	MF64
PROJ089	GSE244132	SAM0525	MF60	MF60
PROJ089	GSE244132	SAM0526	MF45	MF45
PROJ089	GSE244132	SAM0527	MF37	MF37
PROJ089	GSE244132	SAM0528	MF57	MF57
PROJ090	GSE244831	SAM0529	Pool_10	Pool_10
PROJ090	GSE244831	SAM0530	Pool_11	Pool_11
PROJ090	GSE244831	SAM0531	Pool_2	Pool_2
PROJ090	GSE244831	SAM0532	Pool_3	Pool_3
PROJ090	GSE244831	SAM0533	Pool_4	Pool_4
PROJ090	GSE244831	SAM0534	Pool_5	Pool_5
PROJ090	GSE244831	SAM0535	Pool_6	Pool_6
PROJ090	GSE244831	SAM0536	Pool_7	Pool_7
PROJ090	GSE244831	SAM0537	Pool_8	Pool_8
PROJ090	GSE244831	SAM0538	Pool_9	Pool_9
PROJ090	GSE244831	SAM0539	Sample_0	Sample_0
PROJ090	GSE244831	SAM0540	Sample_1	Sample_1
PROJ090	GSE244831	SAM0541	Sample_2	Sample_2
PROJ091	GSE245242	SAM0542	SAM24402087	SAM24402087
PROJ091	GSE245242	SAM0543	SAM24402086	SAM24402086
PROJ092	GSE245826	SAM0544	GSE245826	GSE245826
PROJ093	GSE245997	SAM0545	Multiome_GEX_E13.5wt	Multiome_GEX_E13.5wt
PROJ093	GSE245997	SAM0546	Multiome_GEX_E15.5wt	Multiome_GEX_E15.5wt
PROJ093	GSE245997	SAM0547	Multiome_GEX_E13.5pax9KO	Multiome_GEX_E13.5pax9KO
PROJ094	GSE245998	SAM0548	eb02	eb02
PROJ094	GSE245998	SAM0549	eb07	eb07
PROJ094	GSE245998	SAM0550	eb08	eb08
PROJ094	GSE245998	SAM0551	eb03	eb03
PROJ094	GSE245998	SAM0552	eb06	eb06
PROJ094	GSE245998	SAM0553	eb01	eb01
PROJ095	GSE246169	SAM0554	d59_fetal	d59_fetal
PROJ095	GSE246169	SAM0555	d76c_fetal	d76c_fetal
PROJ095	GSE246169	SAM0556	repro_organoids_gfp	repro_organoids_gfp
PROJ095	GSE246169	SAM0557	repro_organoids_ascl1	repro_organoids_ascl1
PROJ095	GSE246169	SAM0558	d76p_fetal	d76p_fetal
PROJ096	GSE246464	SAM0559	3575_HA-1536_Young_mice	3575_HA-1536_Young_mice
PROJ096	GSE246464	SAM0560	3647_HA-1570_Young_mice	3647_HA-1570_Young_mice
PROJ096	GSE246464	SAM0561	3574_HA-1536_Old_mice	3574_HA-1536_Old_mice
PROJ096	GSE246464	SAM0562	3648_HA-1570_Old_mice	3648_HA-1570_Old_mice
PROJ097	GSE247442	SAM0563_HTO-1	GSE247442	HTO-1
PROJ097	GSE247442	SAM0563_HTO-7	GSE247442	HTO-7
PROJ097	GSE247442	SAM0563_HTO-10	GSE247442	HTO-10
PROJ097	GSE247442	SAM0563_HTO-8	GSE247442	HTO-8
PROJ098	GSE247692	SAM0564	Tonsil_Multiome_1A	Tonsil_Multiome_1A
PROJ098	GSE247692	SAM0565	Tonsil_Multiome_1B	Tonsil_Multiome_1B
PROJ098	GSE247692	SAM0566	Tonsil_Multiome_2	Tonsil_Multiome_2
PROJ099	GSE248868	SAM0567	rep1	rep1
PROJ099	GSE248868	SAM0568	rep2	rep2
PROJ100	GSE249376	SAM0569	teratoma_rep1	teratoma_rep1
PROJ100	GSE249376	SAM0570	teratoma_rep3	teratoma_rep3
PROJ100	GSE249376	SAM0571	teratoma_rep2	teratoma_rep2
PROJ101	GSE249829	SAM0572	Wt_M_M112	Wt_M_M112
PROJ101	GSE249829	SAM0573	Tg_M_D665	Tg_M_D665
PROJ101	GSE249829	SAM0574	Tg_M_M64	Tg_M_M64
PROJ101	GSE249829	SAM0575	Tg_M_D795	Tg_M_D795
PROJ101	GSE249829	SAM0576	Tg_M_M60	Tg_M_M60
PROJ101	GSE249829	SAM0577	Wt_F_D671	Wt_F_D671
PROJ101	GSE249829	SAM0578	Wt_F_F120	Wt_F_F120
PROJ101	GSE249829	SAM0579	Tg_M_M133	Tg_M_M133
PROJ101	GSE249829	SAM0580	Tg_M_M101	Tg_M_M101
PROJ101	GSE249829	SAM0581	Wt_M_M131	Wt_M_M131
PROJ101	GSE249829	SAM0582	Tg_M_D651	Tg_M_D651
PROJ101	GSE249829	SAM0583	Tg_M_D739	Tg_M_D739
PROJ101	GSE249829	SAM0584	Wt_M_M51	Wt_M_M51
PROJ102	GSE250192	SAM0585	CTL	CTL
PROJ102	GSE250192	SAM0586	KRN	KRN
PROJ103	GSE250589	SAM0587	P23605_1003	P23605_1003
PROJ103	GSE250589	SAM0588	P29557_1008	P29557_1008
PROJ103	GSE250589	SAM0589	P29557_1006	P29557_1006
PROJ103	GSE250589	SAM0590	P25316_1001	P25316_1001
PROJ103	GSE250589	SAM0591	P24114_1001	P24114_1001
PROJ103	GSE250589	SAM0592	P25316_1004	P25316_1004
PROJ103	GSE250589	SAM0593	P29557_1009	P29557_1009
PROJ103	GSE250589	SAM0594	P29557_1010	P29557_1010
PROJ103	GSE250589	SAM0595	P29557_1002	P29557_1002
PROJ103	GSE250589	SAM0596	P29557_1007	P29557_1007
PROJ103	GSE250589	SAM0597	P21208_1003	P21208_1003
PROJ103	GSE250589	SAM0598	P27207_1001	P27207_1001
PROJ103	GSE250589	SAM0599	P27207_1004	P27207_1004
PROJ103	GSE250589	SAM0600	P23605_1002	P23605_1002
PROJ103	GSE250589	SAM0601	P23605_1001	P23605_1001
PROJ103	GSE250589	SAM0602	P21208_1005	P21208_1005
PROJ103	GSE250589	SAM0603	P27207_1002	P27207_1002
PROJ103	GSE250589	SAM0604	P21521_1003	P21521_1003
PROJ103	GSE250589	SAM0605	P23605_1004	P23605_1004
PROJ103	GSE250589	SAM0606	P24114_1002	P24114_1002
PROJ103	GSE250589	SAM0607	P25316_1002	P25316_1002
PROJ103	GSE250589	SAM0608	P29557_1001	P29557_1001
PROJ103	GSE250589	SAM0609	P29557_1004	P29557_1004
PROJ103	GSE250589	SAM0610	P24114_1003	P24114_1003
PROJ103	GSE250589	SAM0611	P25316_1003	P25316_1003
PROJ103	GSE250589	SAM0612	P29557_1005	P29557_1005
PROJ103	GSE250589	SAM0613	P27207_1003	P27207_1003
PROJ103	GSE250589	SAM0614	P21208_1004	P21208_1004
PROJ104	GSE251813	SAM0615	eb05	eb05
PROJ104	GSE251813	SAM0616	eb04	eb04
PROJ104	GSE251813	SAM0617	eb09	eb09
PROJ104	GSE251813	SAM0618	eb10	eb10
PROJ105	GSE251862	SAM0619	iNPC1	iNPC1
PROJ105	GSE251862	SAM0620	iNPC2	iNPC2
PROJ106	GSE251977	SAM0621	SAM24425416	SAM24425416
PROJ106	GSE251977	SAM0622	SAM24418230	SAM24418230
PROJ106	GSE251977	SAM0623	SAM24418231	SAM24418231
PROJ106	GSE251977	SAM0624	SAM24427130	SAM24427130
PROJ107	GSE251978	SAM0625_HTO-1	GSE251978	HTO-1
PROJ107	GSE251978	SAM0625_HTO-2	GSE251978	HTO-2
PROJ107	GSE251978	SAM0625_HTO-3	GSE251978	HTO-3
PROJ107	GSE251978	SAM0625_HTO-4	GSE251978	HTO-4
PROJ107	GSE251978	SAM0625_HTO-5	GSE251978	HTO-5
PROJ107	GSE251978	SAM0625_HTO-6	GSE251978	HTO-6
PROJ107	GSE251978	SAM0625_HTO-8	GSE251978	HTO-8
PROJ107	GSE251978	SAM0625_HTO-10	GSE251978	HTO-10
PROJ108	GSE252772	SAM0626	20201201-NMK3M	20201201-NMK3M
PROJ108	GSE252772	SAM0627	20201213-NMK52F	20201213-NMK52F
PROJ108	GSE252772	SAM0628	20201213-NMK52M	20201213-NMK52M
PROJ108	GSE252772	SAM0629	20210125-NMK0F	20210125-NMK0F
PROJ108	GSE252772	SAM0630	20210125-NMK0M	20210125-NMK0M
PROJ108	GSE252772	SAM0631	20210129-AKICT3F	20210129-AKICT3F
PROJ108	GSE252772	SAM0632	20210129-AKICT3M	20210129-AKICT3M
PROJ108	GSE252772	SAM0633	20210218-NMKE16_5M	20210218-NMKE16_5M
PROJ108	GSE252772	SAM0634	20210228-NMK3F	20210228-NMK3F
PROJ108	GSE252772	SAM0635	20210319-NMKE16_5F	20210319-NMKE16_5F
PROJ108	GSE252772	SAM0636	20210419-NMK3F	20210419-NMK3F
PROJ108	GSE252772	SAM0637	20210419-NMK3M	20210419-NMK3M
PROJ108	GSE252772	SAM0638	20210422-NMK52F2	20210422-NMK52F2
PROJ108	GSE252772	SAM0639	20210422-NMK52M2	20210422-NMK52M2
PROJ108	GSE252772	SAM0640	20210423-NMK12F1	20210423-NMK12F1
PROJ108	GSE252772	SAM0641	20210423-NMK12M1	20210423-NMK12M1
PROJ108	GSE252772	SAM0642	20210907-NMK92M1	20210907-NMK92M1
PROJ108	GSE252772	SAM0643	20210907-NMK92M2	20210907-NMK92M2
PROJ108	GSE252772	SAM0644	20210908-NMK92F1	20210908-NMK92F1
PROJ108	GSE252772	SAM0645	20210908-NMK92F2	20210908-NMK92F2
PROJ108	GSE252772	SAM0646	20220129-NMK0F	20220129-NMK0F
PROJ108	GSE252772	SAM0647	20220129-NMK0M	20220129-NMK0M
PROJ108	GSE252772	SAM0648	20220130-E16_5F	20220130-E16_5F
PROJ108	GSE252772	SAM0649	20220130-E16_5M	20220130-E16_5M
PROJ108	GSE252772	SAM0650	GPAD-20210419-NMK3F2	GPAD-20210419-NMK3F2
PROJ108	GSE252772	SAM0651	GPAD-20210419-NMK3M2	GPAD-20210419-NMK3M2
PROJ108	GSE252772	SAM0652	GPAD-20210422-NMK52F1	GPAD-20210422-NMK52F1
PROJ108	GSE252772	SAM0653	GPAD-20210422-NMK52M1	GPAD-20210422-NMK52M1
PROJ108	GSE252772	SAM0654	GPAD-20210423-NMK12F2	GPAD-20210423-NMK12F2
PROJ108	GSE252772	SAM0655	GPAD-20210423-NMK12M2	GPAD-20210423-NMK12M2
PROJ108	GSE252772	SAM0656	GPAD-20220124-NMK92F2	GPAD-20220124-NMK92F2
PROJ108	GSE252772	SAM0657	GPAD-20220124-NMK92M1	GPAD-20220124-NMK92M1
PROJ109	GSE254290	SAM0658	WT	WT
PROJ109	GSE254290	SAM0659	dKO	dKO
PROJ110	GSE255382	SAM0660	ko_GC111891	ko_GC111891
PROJ110	GSE255382	SAM0661	wt_GC111890	wt_GC111890
PROJ111	GSE255406	SAM0662	P6_SVZ_multiome	P6_SVZ_multiome
PROJ112	GSE255646	SAM0663	GSE255646	GSE255646
PROJ113	GSE256162	SAM0664	Hs66_multi	Hs66_multi
PROJ113	GSE256162	SAM0665	HS57B_multi	HS57B_multi
PROJ114	GSE261013	SAM0666	Smarca5_KO	Smarca5_KO
PROJ114	GSE261013	SAM0667	Smarca5_cntrl	Smarca5_cntrl
PROJ115	GSE261023	SAM0668	Patient11_ACTP_multiome	Patient11_ACTP_multiome
PROJ115	GSE261023	SAM0669	Patient8_ACTP_multiome	Patient8_ACTP_multiome
PROJ115	GSE261023	SAM0670	Patient8_T0_multiome	Patient8_T0_multiome
PROJ116	GSE261907	SAM0671	0dpa1	0dpa1
PROJ116	GSE261907	SAM0672	0dpa2	0dpa2
PROJ116	GSE261907	SAM0673	1dpa1	1dpa1
PROJ116	GSE261907	SAM0674	1dpa2	1dpa2
PROJ116	GSE261907	SAM0675	2dpa1	2dpa1
PROJ116	GSE261907	SAM0676	2dpa2	2dpa2
PROJ116	GSE261907	SAM0677	4dpa1	4dpa1
PROJ116	GSE261907	SAM0678	4dpa2	4dpa2
PROJ116	GSE261907	SAM0679	6dpa1	6dpa1
PROJ116	GSE261907	SAM0680	6dpa2	6dpa2
PROJ117	GSE262189	SAM0681	Be2c	Be2c
PROJ117	GSE262189	SAM0682	SHSY5Y	SHSY5Y
PROJ117	GSE262189	SAM0683	SK.N.AS	SK.N.AS
PROJ117	GSE262189	SAM0684	SK.N.DZ	SK.N.DZ
PROJ117	GSE262189	SAM0685	SK.N.SH	SK.N.SH
PROJ117	GSE262189	SAM0686	CHP134	CHP134
PROJ118	GSE262477	SAM0687	CD300c_Cre_R26_Tom_BM_001	CD300c_Cre_R26_Tom_BM_001
PROJ118	GSE262477	SAM0688	CD300c_Cre_R26_Tom_BM_002	CD300c_Cre_R26_Tom_BM_002
PROJ118	GSE262477	SAM0689	CD300c_Cre_R26_Tom_BM_003	CD300c_Cre_R26_Tom_BM_003
PROJ119	GSE262784	SAM0690	2	2
PROJ119	GSE262784	SAM0691	3	3
PROJ119	GSE262784	SAM0692	1	1
PROJ119	GSE262784	SAM0693	4	4
PROJ120	GSE263130	SAM0694	multiome_O2_D1	multiome_O2_D1
PROJ120	GSE263130	SAM0695	multiome_O2_D5	multiome_O2_D5
PROJ120	GSE263130	SAM0696	multiome_O21_D1	multiome_O21_D1
PROJ121	GSE263178	SAM0697	sample1	sample1
PROJ122	GSE263361	SAM0698	RS03060	RS03060
PROJ123	GSE264518	SAM0699	RWPE2R2e	RWPE2R2e
PROJ123	GSE264518	SAM0700	22Rv1-DHTe	22Rv1-DHTe
PROJ123	GSE264518	SAM0701	BPH1e	BPH1e
PROJ123	GSE264518	SAM0702	RWPE1R1e	RWPE1R1e
PROJ123	GSE264518	SAM0703	PrECe	PrECe
PROJ123	GSE264518	SAM0704	RWPE1R1	RWPE1R1
PROJ123	GSE264518	SAM0705	PrEC	PrEC
PROJ123	GSE264518	SAM0706	RWPE2R1e	RWPE2R1e
PROJ123	GSE264518	SAM0707	RWPE2R1	RWPE2R1
PROJ123	GSE264518	SAM0708	22Rv1-Methanole	22Rv1-Methanole
PROJ123	GSE264518	SAM0709	RWPE1R2e	RWPE1R2e
PROJ123	GSE264518	SAM0710	RWPE2R2	RWPE2R2
PROJ123	GSE264518	SAM0711	22Rv1-Methanol	22Rv1-Methanol
PROJ123	GSE264518	SAM0712	LNCaP-DHTe	LNCaP-DHTe
PROJ123	GSE264518	SAM0713	PC3e	PC3e
PROJ123	GSE264518	SAM0714	LNCaP-Methanole	LNCaP-Methanole
PROJ123	GSE264518	SAM0715	DU145e	DU145e
PROJ123	GSE264518	SAM0716	PC3	PC3
PROJ123	GSE264518	SAM0717	RWPE1R2	RWPE1R2
PROJ123	GSE264518	SAM0718	DU145	DU145
PROJ123	GSE264518	SAM0719	BPH1	BPH1
PROJ123	GSE264518	SAM0720	22Rv1-DHT	22Rv1-DHT
PROJ123	GSE264518	SAM0721	LNCaP-Methanol	LNCaP-Methanol
PROJ123	GSE264518	SAM0722	LNCaP-DHT	LNCaP-DHT
PROJ124	GSE264623	SAM0723	scmultiome	scmultiome
PROJ125	GSE266225	SAM0724	liver_8wPC_JVG29	liver_8wPC_JVG29
PROJ125	GSE266225	SAM0725	liver_naive_JVG28	liver_naive_JVG28
PROJ126	GSE267099	SAM0726	day4pDC	day4pDC
PROJ127	GSE267100	SAM0727	PanDC	PanDC
PROJ128	GSE267174	SAM0728	GSE267174	GSE267174
PROJ129	GSE267585	SAM0729	LKO	LKO
PROJ129	GSE267585	SAM0730	floxed	floxed
PROJ130	GSE267917	SAM0731	Multiome_WT1	Multiome_WT1
PROJ130	GSE267917	SAM0732	Multiome_KO1N	Multiome_KO1N
PROJ130	GSE267917	SAM0733	Multiome_KO2	Multiome_KO2
PROJ130	GSE267917	SAM0734	Multiome_KO3	Multiome_KO3
PROJ130	GSE267917	SAM0735	Multiome_WT3	Multiome_WT3
PROJ130	GSE267917	SAM0736	Multiome_WT2N	Multiome_WT2N
PROJ131	GSE267982	SAM0737	OE1	OE1
PROJ131	GSE267982	SAM0738	NT1	NT1
PROJ131	GSE267982	SAM0739	NT2	NT2
PROJ131	GSE267982	SAM0740	OE2	OE2
PROJ132	GSE268104	SAM0741	Multiome5merge	Multiome5merge
PROJ132	GSE268104	SAM0742	multiomeC57B	multiomeC57B
PROJ132	GSE268104	SAM0743	multiomeC57Eepcam	multiomeC57Eepcam
PROJ132	GSE268104	SAM0744	multiomeC57Depcam	multiomeC57Depcam
PROJ132	GSE268104	SAM0745	multiomeC57A	multiomeC57A
PROJ132	GSE268104	SAM0746	multiomeC57Cepcam	multiomeC57Cepcam
PROJ132	GSE268104	SAM0747	multiomeC57Eunselected	multiomeC57Eunselected
PROJ133	GSE268179	SAM0748	TH182	TH182
PROJ133	GSE268179	SAM0749	JM_C	JM_C
PROJ133	GSE268179	SAM0750	JM_M	JM_M
PROJ134	GSE268494	SAM0751	060222-200_N	060222-200_N
PROJ134	GSE268494	SAM0752	092921-2_D	092921-2_D
PROJ134	GSE268494	SAM0753	060122-4_F	060122-4_F
PROJ134	GSE268494	SAM0754	060222-400_J	060222-400_J
PROJ134	GSE268494	SAM0755	071422-100_L	071422-100_L
PROJ134	GSE268494	SAM0756	092121-400_B	092121-400_B
PROJ134	GSE268494	SAM0757	060122-7_G	060122-7_G
PROJ134	GSE268494	SAM0758	060222-100_M	060222-100_M
PROJ134	GSE268494	SAM0759	060122-10_H	060122-10_H
PROJ134	GSE268494	SAM0760	060122-40_P	060122-40_P
PROJ134	GSE268494	SAM0761	060122-2_E	060122-2_E
PROJ134	GSE268494	SAM0762	092921-1_C	092921-1_C
PROJ134	GSE268494	SAM0763	060222-70_I	060222-70_I
PROJ134	GSE268494	SAM0764	092121-200_A	092121-200_A
PROJ134	GSE268494	SAM0765	060122-20_O	060122-20_O
PROJ134	GSE268494	SAM0766	060222-700_K	060222-700_K
PROJ135	GSE268630	SAM0767	Multiome_14w2d_FR	Multiome_14w2d_FR
PROJ135	GSE268630	SAM0768	Multiome_10w_NR	Multiome_10w_NR
PROJ135	GSE268630	SAM0769	Multiome_10w_FR	Multiome_10w_FR
PROJ135	GSE268630	SAM0770	Multiome_14w2d_NR	Multiome_14w2d_NR
PROJ135	GSE268630	SAM0771	Multiome_23w4d_FR	Multiome_23w4d_FR
PROJ135	GSE268630	SAM0772	Multiome_23w4d_NR	Multiome_23w4d_NR
PROJ135	GSE268630	SAM0773	Multi_Fetal_11w2d_NR	Multi_Fetal_11w2d_NR
PROJ135	GSE268630	SAM0774	Multi_Fetal_11w2d_FR	Multi_Fetal_11w2d_FR
PROJ135	GSE268630	SAM0775	Multiome_20w1d_FR	Multiome_20w1d_FR
PROJ135	GSE268630	SAM0776	Multiome_12w3d_FR	Multiome_12w3d_FR
PROJ135	GSE268630	SAM0777	Multi_Fetal_11w2d_FR_2	Multi_Fetal_11w2d_FR_2
PROJ135	GSE268630	SAM0778	Multiome_20w1d_NR	Multiome_20w1d_NR
PROJ135	GSE268630	SAM0779	Multiome_12w3d_NR	Multiome_12w3d_NR
PROJ135	GSE268630	SAM0780	Multi_Fetal_14w5d_NR	Multi_Fetal_14w5d_NR
PROJ135	GSE268630	SAM0781	Multi_Fetal_14w5d_FR	Multi_Fetal_14w5d_FR
PROJ135	GSE268630	SAM0782	Multi_Fetal_20W2d_NR	Multi_Fetal_20W2d_NR
PROJ135	GSE268630	SAM0783	Multi_Fetal_20W2d_FR	Multi_Fetal_20W2d_FR
PROJ135	GSE268630	SAM0784	Multi_Fetal_19W4d_FR	Multi_Fetal_19W4d_FR
PROJ135	GSE268630	SAM0785	Multi_Fetal_19W4d_NR	Multi_Fetal_19W4d_NR
PROJ135	GSE268630	SAM0786	Multiome_16w4d_NR	Multiome_16w4d_NR
PROJ135	GSE268630	SAM0787	Multiome_16w4d_FR	Multiome_16w4d_FR
PROJ135	GSE268630	SAM0788	Multi_Fetal_23w1d_NR	Multi_Fetal_23w1d_NR
PROJ135	GSE268630	SAM0789	Multi_Fetal_23w1d_FR	Multi_Fetal_23w1d_FR
PROJ135	GSE268630	SAM0790	Multi_Fetal_13W_FR	Multi_Fetal_13W_FR
PROJ135	GSE268630	SAM0791	Multi_Fetal_13W_NR	Multi_Fetal_13W_NR
PROJ136	GSE268807	SAM0792	G120_D	G120_D
PROJ136	GSE268807	SAM0793	G120_F1	G120_F1
PROJ136	GSE268807	SAM0794	G129_D	G129_D
PROJ136	GSE268807	SAM0795	G133_D	G133_D
PROJ136	GSE268807	SAM0796	G133_N	G133_N
PROJ136	GSE268807	SAM0797	G150_D	G150_D
PROJ136	GSE268807	SAM0798	G159_D	G159_D
PROJ136	GSE268807	SAM0799	G171_D	G171_D
PROJ136	GSE268807	SAM0800	G187_D	G187_D
PROJ136	GSE268807	SAM0801	G210_D	G210_D
PROJ137	GSE270141	SAM0802	S3N	S3N
PROJ137	GSE270141	SAM0803	S3H	S3H
PROJ138	GSE270788	SAM0804	MA8	MA8
PROJ138	GSE270788	SAM0805	MA10	MA10
PROJ138	GSE270788	SAM0806	MA6	MA6
PROJ138	GSE270788	SAM0807	MA29	MA29
PROJ138	GSE270788	SAM0808	MA22	MA22
PROJ138	GSE270788	SAM0809	MA27	MA27
PROJ138	GSE270788	SAM0810	MA30	MA30
PROJ138	GSE270788	SAM0811	MA28	MA28
PROJ138	GSE270788	SAM0812	MA26	MA26
PROJ138	GSE270788	SAM0813	MA23	MA23
PROJ138	GSE270788	SAM0814	MA31	MA31
PROJ138	GSE270788	SAM0815	MA7	MA7
PROJ138	GSE270788	SAM0816	MA11	MA11
PROJ138	GSE270788	SAM0817	MA9	MA9
PROJ138	GSE270788	SAM0818	MA14	MA14
PROJ138	GSE270788	SAM0819	MA19	MA19
PROJ138	GSE270788	SAM0820	MA20	MA20
PROJ138	GSE270788	SAM0821	MA25	MA25
PROJ138	GSE270788	SAM0822	MA32	MA32
PROJ138	GSE270788	SAM0823	MA13	MA13
PROJ138	GSE270788	SAM0824	MA24	MA24
PROJ138	GSE270788	SAM0825	MA33	MA33
PROJ138	GSE270788	SAM0826	MA5	MA5
PROJ139	GSE271329	SAM0827	Naive	Naive
PROJ139	GSE271329	SAM0828	STm	STm
PROJ140	GSE272025	SAM0829	WT	WT
PROJ140	GSE272025	SAM0830	KO	KO
PROJ141	GSE272187	SAM0831	GSE272187	GSE272187
PROJ142	GSE273429	SAM0832	HUVEC_TNFa_30min	HUVEC_TNFa_30min
PROJ142	GSE273429	SAM0833	HUVEC_TNFa_0min	HUVEC_TNFa_0min
PROJ142	GSE273429	SAM0834	HUVEC_TNFa_240min	HUVEC_TNFa_240min
PROJ143	GSE273633	SAM0835	islet-1	islet-1
PROJ143	GSE273633	SAM0836	LN-1	LN-1
PROJ143	GSE273633	SAM0837	LN-2	LN-2
PROJ143	GSE273633	SAM0838	islet-2	islet-2
PROJ144	GSE274040	SAM0839	SP_tumor_rep3	SP_tumor_rep3
PROJ144	GSE274040	SAM0840	BM_tumor_rep1	BM_tumor_rep1
PROJ144	GSE274040	SAM0841	BM_tumor_rep2	BM_tumor_rep2
PROJ144	GSE274040	SAM0842	SP_tumor_rep4	SP_tumor_rep4
PROJ144	GSE274040	SAM0843	BM_ctrl_rep1	BM_ctrl_rep1
PROJ144	GSE274040	SAM0844	SP_tumor_rep1	SP_tumor_rep1
PROJ144	GSE274040	SAM0845	SP_tumor_rep2	SP_tumor_rep2
PROJ144	GSE274040	SAM0846	BM_ctrl_rep2	BM_ctrl_rep2
PROJ145	GSE274113	SAM0847	rep2	rep2
PROJ145	GSE274113	SAM0848	rep1	rep1
PROJ145	GSE274113	SAM0849	rep9	rep9
PROJ145	GSE274113	SAM0850	rep10	rep10
PROJ145	GSE274113	SAM0851	rep7	rep7
PROJ145	GSE274113	SAM0852	rep14	rep14
PROJ145	GSE274113	SAM0853	rep3	rep3
PROJ145	GSE274113	SAM0854	rep6	rep6
PROJ145	GSE274113	SAM0855	rep8	rep8
PROJ145	GSE274113	SAM0856	rep12	rep12
PROJ145	GSE274113	SAM0857	rep5	rep5
PROJ145	GSE274113	SAM0858	rep13	rep13
PROJ145	GSE274113	SAM0859	rep16	rep16
PROJ145	GSE274113	SAM0860	rep4	rep4
PROJ146	GSE274986	SAM0861	6467_C	6467_C
PROJ146	GSE274986	SAM0862	6509_C	6509_C
PROJ146	GSE274986	SAM0863	6419_C	6419_C
PROJ146	GSE274986	SAM0864	6467_F	6467_F
PROJ146	GSE274986	SAM0865	6419_B	6419_B
PROJ146	GSE274986	SAM0866	6425_F	6425_F
PROJ146	GSE274986	SAM0867	6514_D	6514_D
PROJ146	GSE274986	SAM0868	6514_A	6514_A
PROJ146	GSE274986	SAM0869	6425_C	6425_C
PROJ146	GSE274986	SAM0870	6425_G	6425_G
PROJ146	GSE274986	SAM0871	6509_B	6509_B
PROJ146	GSE274986	SAM0872	6509_D	6509_D
PROJ146	GSE274986	SAM0873	6467_D	6467_D
PROJ146	GSE274986	SAM0874	6509_A	6509_A
PROJ146	GSE274986	SAM0875	6467_B	6467_B
PROJ146	GSE274986	SAM0876	6467_A	6467_A
PROJ146	GSE274986	SAM0877	6514_C	6514_C
PROJ146	GSE274986	SAM0878	6419_D	6419_D
PROJ146	GSE274986	SAM0879	6425_D	6425_D
PROJ146	GSE274986	SAM0880	6467_E	6467_E
PROJ146	GSE274986	SAM0881	6425_A	6425_A
PROJ146	GSE274986	SAM0882	6419_A	6419_A
PROJ146	GSE274986	SAM0883	6434_A	6434_A
PROJ146	GSE274986	SAM0884	6425_E	6425_E
PROJ146	GSE274986	SAM0885	6509_E	6509_E
PROJ146	GSE274986	SAM0886	6514_B	6514_B
PROJ147	GSE276058	SAM0887	ms	ms
PROJ147	GSE276058	SAM0888	hu	hu
PROJ148	GSE276177	SAM0889	tumor_3_25T	tumor_3_25T
PROJ148	GSE276177	SAM0890	tumor_1	tumor_1
PROJ148	GSE276177	SAM0891	margin_2	margin_2
PROJ148	GSE276177	SAM0892	margin_1	margin_1
PROJ148	GSE276177	SAM0893	tumor_2	tumor_2
PROJ149	GSE276572	SAM0894	8487-RD-1_AL	8487-RD-1_AL
PROJ149	GSE276572	SAM0895	8487-RD-5_HF	8487-RD-5_HF
PROJ149	GSE276572	SAM0896	8487-RD-3_AL	8487-RD-3_AL
PROJ149	GSE276572	SAM0897	8487-RD-2_CR	8487-RD-2_CR
PROJ149	GSE276572	SAM0898	8401-RD-1_HF	8401-RD-1_HF
PROJ149	GSE276572	SAM0899	8487-RD-4_CR	8487-RD-4_CR
PROJ150	GSE277326	SAM0900	QY_1840_1_2_QY_1839_1	QY_1840_1_2_QY_1839_1
PROJ150	GSE277326	SAM0901	QY_1960_1_2_QY_1959_1	QY_1960_1_2_QY_1959_1
PROJ150	GSE277326	SAM0902	QY_1993_1_2_QY_1992_1	QY_1993_1_2_QY_1992_1
PROJ150	GSE277326	SAM0903	QY_1997_1_2_QY_1996_1	QY_1997_1_2_QY_1996_1
PROJ150	GSE277326	SAM0904	QY_1958_1_2_QY_1957_1	QY_1958_1_2_QY_1957_1
PROJ150	GSE277326	SAM0905	QY_1956_1_2_QY_1955_1	QY_1956_1_2_QY_1955_1
PROJ150	GSE277326	SAM0906	QY_1952_1_2_QY_1951_1	QY_1952_1_2_QY_1951_1
PROJ150	GSE277326	SAM0907	QY_1954_1_2_QY_1953_1	QY_1954_1_2_QY_1953_1
PROJ150	GSE277326	SAM0908	QY_1995_1_2_QY_1994_1	QY_1995_1_2_QY_1994_1
PROJ151	GSE277390	SAM0909	Rbpj_mCherry_NMDA	Rbpj_mCherry_NMDA
PROJ151	GSE277390	SAM0910	Control_mCherry_NMDA	Control_mCherry_NMDA
PROJ151	GSE277390	SAM0911	Rbpj_Oct4_NMDA	Rbpj_Oct4_NMDA
PROJ151	GSE277390	SAM0912	Control_Oct4_NMDA	Control_Oct4_NMDA
PROJ152	GSE278576	SAM0913	hc5614	hc5614
PROJ152	GSE278576	SAM0914	hc937	hc937
PROJ152	GSE278576	SAM0915	hc5551	hc5551
PROJ152	GSE278576	SAM0916	hc13394	hc13394
PROJ152	GSE278576	SAM0917	hc46426	hc46426
PROJ152	GSE278576	SAM0918	hc26	hc26
PROJ152	GSE278576	SAM0919	hc212191	hc212191
PROJ152	GSE278576	SAM0920	hc5087	hc5087
PROJ152	GSE278576	SAM0921	hc6021	hc6021
PROJ152	GSE278576	SAM0922	hc11	hc11
PROJ152	GSE278576	SAM0923	hc9	hc9
PROJ152	GSE278576	SAM0924	hc6052	hc6052
PROJ152	GSE278576	SAM0925	hc8	hc8
PROJ152	GSE278576	SAM0926	hc69984	hc69984
PROJ152	GSE278576	SAM0927	hc29	hc29
PROJ152	GSE278576	SAM0928	hc1134	hc1134
PROJ152	GSE278576	SAM0929	hc5610	hc5610
PROJ152	GSE278576	SAM0930	hc1271	hc1271
PROJ152	GSE278576	SAM0931	hc1203	hc1203
PROJ152	GSE278576	SAM0932	hc35	hc35
PROJ152	GSE278576	SAM0933	hc935	hc935
PROJ152	GSE278576	SAM0934	hc1265	hc1265
PROJ152	GSE278576	SAM0935	hc78	hc78
PROJ152	GSE278576	SAM0936	hc76	hc76
PROJ152	GSE278576	SAM0937	hc13344	hc13344
PROJ152	GSE278576	SAM0938	hc13414	hc13414
PROJ152	GSE278576	SAM0939	hc81	hc81
PROJ152	GSE278576	SAM0940	hc73787	hc73787
PROJ152	GSE278576	SAM0941	hc98	hc98
PROJ152	GSE278576	SAM0942	hc73	hc73
PROJ152	GSE278576	SAM0943	hc77	hc77
PROJ152	GSE278576	SAM0944	hc5579	hc5579
PROJ152	GSE278576	SAM0945	hc1745	hc1745
PROJ152	GSE278576	SAM0946	hc4781	hc4781
PROJ152	GSE278576	SAM0947	hc12	hc12
PROJ152	GSE278576	SAM0948	hc19	hc19
PROJ152	GSE278576	SAM0949	hc5021	hc5021
PROJ152	GSE278576	SAM0950	hc1153	hc1153
PROJ152	GSE278576	SAM0951	hc1216	hc1216
PROJ152	GSE278576	SAM0952	hc40	hc40
PROJ153	GSE280167	SAM0953	VV_M1	VV_M1
PROJ153	GSE280167	SAM0954	VV_F2	VV_F2
PROJ153	GSE280167	SAM0955	LL_F2	LL_F2
PROJ153	GSE280167	SAM0956	LL_M1	LL_M1
PROJ153	GSE280167	SAM0957	VV_F1	VV_F1
PROJ153	GSE280167	SAM0958	LL_M2	LL_M2
PROJ153	GSE280167	SAM0959	VV_M2	VV_M2
PROJ153	GSE280167	SAM0960	LL_F1	LL_F1
PROJ154	GSE280543	SAM0961	s1	s1
PROJ154	GSE280543	SAM0962	s10	s10
PROJ154	GSE280543	SAM0963	s11	s11
PROJ154	GSE280543	SAM0964	s12	s12
PROJ154	GSE280543	SAM0965	s2	s2
PROJ154	GSE280543	SAM0966	s3	s3
PROJ154	GSE280543	SAM0967	s4	s4
PROJ154	GSE280543	SAM0968	s5	s5
PROJ154	GSE280543	SAM0969	s6	s6
PROJ154	GSE280543	SAM0970	s7	s7
PROJ154	GSE280543	SAM0971	s8	s8
PROJ154	GSE280543	SAM0972	s9	s9
PROJ155	GSE280587	SAM0973	s1	s1
PROJ155	GSE280587	SAM0974	s10	s10
PROJ155	GSE280587	SAM0975	s11	s11
PROJ155	GSE280587	SAM0976	s12	s12
PROJ155	GSE280587	SAM0977	s2	s2
PROJ155	GSE280587	SAM0978	s3	s3
PROJ155	GSE280587	SAM0979	s4	s4
PROJ155	GSE280587	SAM0980	s5	s5
PROJ155	GSE280587	SAM0981	s6	s6
PROJ155	GSE280587	SAM0982	s7	s7
PROJ155	GSE280587	SAM0983	s8	s8
PROJ155	GSE280587	SAM0984	s9	s9
PROJ156	GSE280876	SAM0985	SI_33635_SI_33643	SI_33635_SI_33643
PROJ156	GSE280876	SAM0986	SI_33634_SI_33642	SI_33634_SI_33642
PROJ156	GSE280876	SAM0987	SI_33637_SI_33645	SI_33637_SI_33645
PROJ156	GSE280876	SAM0988	SI_33636_SI_33644	SI_33636_SI_33644
PROJ156	GSE280876	SAM0989	SI_32162_SI_32166	SI_32162_SI_32166
PROJ156	GSE280876	SAM0990	SI_32163_SI_32167	SI_32163_SI_32167
PROJ156	GSE280876	SAM0991	SI_33640_SI_33648	SI_33640_SI_33648
PROJ156	GSE280876	SAM0992	SI_32175_SI_32182	SI_32175_SI_32182
PROJ156	GSE280876	SAM0993	SI_32164_SI_32168	SI_32164_SI_32168
PROJ156	GSE280876	SAM0994	SI_34508_SI_34512	SI_34508_SI_34512
PROJ156	GSE280876	SAM0995	SI_34509_SI_34513	SI_34509_SI_34513
PROJ156	GSE280876	SAM0996	SI_37332_SI_37329	SI_37332_SI_37329
PROJ156	GSE280876	SAM0997	SI_31631_SI_31635	SI_31631_SI_31635
PROJ156	GSE280876	SAM0998	SI_37334_SI_37331	SI_37334_SI_37331
PROJ156	GSE280876	SAM0999	SI_31634_SI_31638	SI_31634_SI_31638
PROJ156	GSE280876	SAM1000	SI_32176_SI_32183	SI_32176_SI_32183
PROJ156	GSE280876	SAM1001	SI_33633_SI_33641	SI_33633_SI_33641
PROJ156	GSE280876	SAM1002	SI_34507_SI_34511	SI_34507_SI_34511
PROJ156	GSE280876	SAM1003	SI_34506_SI_34510	SI_34506_SI_34510
PROJ156	GSE280876	SAM1004	SI_33639_SI_33647	SI_33639_SI_33647
PROJ156	GSE280876	SAM1005	SI_32174_SI_32181	SI_32174_SI_32181
PROJ156	GSE280876	SAM1006	SI_33638_SI_33646	SI_33638_SI_33646
PROJ156	GSE280876	SAM1007	SI_30744_SI_30746	SI_30744_SI_30746
PROJ156	GSE280876	SAM1008	SI_30745_SI_30747	SI_30745_SI_30747
PROJ156	GSE280876	SAM1009	SI_37333_SI_37330	SI_37333_SI_37330
PROJ156	GSE280876	SAM1010	SI_31633_SI_31637	SI_31633_SI_31637
PROJ156	GSE280876	SAM1011	SI_31632_SI_31636	SI_31632_SI_31636
PROJ157	GSE281085	SAM1012	Beads_2	Beads_2
PROJ157	GSE281085	SAM1013	DFGC_3	DFGC_3
PROJ157	GSE281085	SAM1014	Beads_3	Beads_3
PROJ157	GSE281085	SAM1015	DFGC_2	DFGC_2
PROJ157	GSE281085	SAM1016	FACS_1	FACS_1
PROJ157	GSE281085	SAM1017	FACS_2	FACS_2
PROJ157	GSE281085	SAM1018	DFGC_1	DFGC_1
PROJ157	GSE281085	SAM1019	FACS_3	FACS_3
PROJ157	GSE281085	SAM1020	Beads_1	Beads_1
PROJ158	GSE281994	SAM1021	ipf2	ipf2
PROJ158	GSE281994	SAM1022	ipf1	ipf1
PROJ158	GSE281994	SAM1023	control2	control2
PROJ158	GSE281994	SAM1024	control1	control1
PROJ159	GSE283276	SAM1025	GSE283276	GSE283276
PROJ160	GSE283483	SAM1026	250220-EE6h-3-HIP	250220-EE6h-3-HIP
PROJ160	GSE283483	SAM1027	240212-Ctrl-2-HIP	240212-Ctrl-2-HIP
PROJ160	GSE283483	SAM1028	240212-EE1h-2-HIP	240212-EE1h-2-HIP
PROJ160	GSE283483	SAM1029	250220-Ctrl-3-HIP	250220-Ctrl-3-HIP
PROJ160	GSE283483	SAM1030	250220-EE1h-3-HIP	250220-EE1h-3-HIP
PROJ160	GSE283483	SAM1031	240212-EE6h-2-HIP	240212-EE6h-2-HIP
PROJ161	GSE284073	SAM1032	G23_GM	G23_GM
PROJ161	GSE284073	SAM1033	G23_WM	G23_WM
PROJ161	GSE284073	SAM1034	G39_GM	G39_GM
PROJ161	GSE284073	SAM1035	G39_WM	G39_WM
PROJ162	GSE284323	SAM1036	MCMV_D1.5_gof_rep1	MCMV_D1.5_gof_rep1
PROJ162	GSE284323	SAM1037	MCMV_D1.5_gof_rep2	MCMV_D1.5_gof_rep2
PROJ162	GSE284323	SAM1038	MCMV_D1.5_wt_rep1	MCMV_D1.5_wt_rep1
PROJ162	GSE284323	SAM1039	MCMV_D1.5_wt_rep2	MCMV_D1.5_wt_rep2
PROJ163	GSE284640	SAM1040	SI_32221_SI_32227	SI_32221_SI_32227
PROJ163	GSE284640	SAM1041	SI_32222_SI_32228	SI_32222_SI_32228
PROJ164	GSE285278	SAM1042	Fresh	Fresh
PROJ164	GSE285278	SAM1043	Spleen	Spleen
PROJ164	GSE285278	SAM1044	Expanded	Expanded
PROJ165	GSE286205	SAM1045	Cas9	Cas9
PROJ165	GSE286205	SAM1046	KRAB	KRAB
PROJ165	GSE286205	SAM1047	VP64	VP64
PROJ166	GSE286488	SAM1048	libraries_8_6	libraries_8_6
PROJ166	GSE286488	SAM1049	libraries_2_1	libraries_2_1
PROJ166	GSE286488	SAM1050	libraries_2_0	libraries_2_0
PROJ166	GSE286488	SAM1051	libraries_8_1	libraries_8_1
PROJ166	GSE286488	SAM1052	libraries_2_6	libraries_2_6
PROJ166	GSE286488	SAM1053	libraries_8_0	libraries_8_0
PROJ167	GSE287551	SAM1054	wild-type1	wild-type1
PROJ167	GSE287551	SAM1055	wild-type2	wild-type2
PROJ167	GSE287551	SAM1056	wild-type3	wild-type3
PROJ167	GSE287551	SAM1057	wild-type4	wild-type4
PROJ167	GSE287551	SAM1058	wild-type5	wild-type5
PROJ168	GSE288206	SAM1059	E13-F-R1	E13-F-R1
PROJ168	GSE288206	SAM1060	E13-M-R1	E13-M-R1
PROJ168	GSE288206	SAM1061	E12-M-R1	E12-M-R1
PROJ168	GSE288206	SAM1062	E11-M-R1	E11-M-R1
PROJ168	GSE288206	SAM1063	E11-M-R2	E11-M-R2
PROJ168	GSE288206	SAM1064	E12-F-R2	E12-F-R2
PROJ168	GSE288206	SAM1065	E11-F-R2	E11-F-R2
PROJ168	GSE288206	SAM1066	E12-M-R2	E12-M-R2
PROJ168	GSE288206	SAM1067	E13-M-R2	E13-M-R2
PROJ168	GSE288206	SAM1068	E13-F-R2	E13-F-R2
PROJ168	GSE288206	SAM1069	E12-F-R1	E12-F-R1
PROJ168	GSE288206	SAM1070	E11-F-R1	E11-F-R1
PROJ169	GSE288996	SAM1071	K562_DMSO_ATAC_1	K562_DMSO_ATAC_1
PROJ169	GSE288996	SAM1072	K562_DMSO_ATAC_2	K562_DMSO_ATAC_2
PROJ169	GSE288996	SAM1073	K562_Dasatinib_ATAC_1	K562_Dasatinib_ATAC_1
PROJ169	GSE288996	SAM1074	K562_Dasatinib_ATAC_2	K562_Dasatinib_ATAC_2
PROJ169	GSE288996	SAM1075	iPSC	iPSC
PROJ170	GSE289515	SAM1076	Duan_024_5-1_input_lib_GRCh38	Duan_024_5-1_input_lib_GRCh38
PROJ170	GSE289515	SAM1077	Duan_024_35-1_input_lib_GRCh38	Duan_024_35-1_input_lib_GRCh38
PROJ170	GSE289515	SAM1078	Duan_024_35-6_input_lib_GRCh38	Duan_024_35-6_input_lib_GRCh38
PROJ170	GSE289515	SAM1079	Duan_024_5-6_input_lib_GRCh38	Duan_024_5-6_input_lib_GRCh38
PROJ170	GSE289515	SAM1080	Duan_024_51-0_input_lib_GRCh38	Duan_024_51-0_input_lib_GRCh38
PROJ170	GSE289515	SAM1081	Duan_024_33-0_input_lib_GRCh38	Duan_024_33-0_input_lib_GRCh38
PROJ170	GSE289515	SAM1082	Duan_024_63-0_input_lib_GRCh38	Duan_024_63-0_input_lib_GRCh38
PROJ170	GSE289515	SAM1083	Duan_024_33-6_input_lib_GRCh38	Duan_024_33-6_input_lib_GRCh38
PROJ170	GSE289515	SAM1084	Duan_024_51-1_input_lib_GRCh38	Duan_024_51-1_input_lib_GRCh38
PROJ170	GSE289515	SAM1085	Duan_024_33-1_input_lib_GRCh38	Duan_024_33-1_input_lib_GRCh38
PROJ170	GSE289515	SAM1086	Duan_024_51-6_input_lib_GRCh38	Duan_024_51-6_input_lib_GRCh38
PROJ170	GSE289515	SAM1087	Duan_024_35-0_input_lib_GRCh38	Duan_024_35-0_input_lib_GRCh38
PROJ170	GSE289515	SAM1088	Duan_024_5-0_input_lib_GRCh38	Duan_024_5-0_input_lib_GRCh38
PROJ170	GSE289515	SAM1089	Duan_024_63-1_input_lib_GRCh38	Duan_024_63-1_input_lib_GRCh38
PROJ170	GSE289515	SAM1090	Duan_024_63-6_input_lib_GRCh38	Duan_024_63-6_input_lib_GRCh38
PROJ171	GSE289518	SAM1091	Duan_029_20088-0_input_lib_hg38only	Duan_029_20088-0_input_lib_hg38only
PROJ171	GSE289518	SAM1092	Duan_029_20088-1_input_lib_hg38only	Duan_029_20088-1_input_lib_hg38only
PROJ171	GSE289518	SAM1093	Duan_029_60060-0_input_lib_hg38only	Duan_029_60060-0_input_lib_hg38only
PROJ171	GSE289518	SAM1094	Duan_029_60060-1_input_lib_hg38only	Duan_029_60060-1_input_lib_hg38only
PROJ171	GSE289518	SAM1095	Duan_029_20087-1_input_lib_hg38only	Duan_029_20087-1_input_lib_hg38only
PROJ171	GSE289518	SAM1096	Duan_029_20087-0_input_lib_hg38only	Duan_029_20087-0_input_lib_hg38only
PROJ171	GSE289518	SAM1097	Duan_029_50040-6_input_lib_hg38only	Duan_029_50040-6_input_lib_hg38only
PROJ171	GSE289518	SAM1098	Duan_029_20088-6_input_lib_hg38only	Duan_029_20088-6_input_lib_hg38only
PROJ171	GSE289518	SAM1099	Duan_029_60060-6_input_lib_hg38only	Duan_029_60060-6_input_lib_hg38only
PROJ171	GSE289518	SAM1100	Duan_029_20087-6_input_lib_hg38only	Duan_029_20087-6_input_lib_hg38only
PROJ171	GSE289518	SAM1101	Duan_029_50040-1_input_lib_hg38only	Duan_029_50040-1_input_lib_hg38only
PROJ171	GSE289518	SAM1102	Duan_029_50040-0_input_lib_hg38only	Duan_029_50040-0_input_lib_hg38only
PROJ172	GSE289522	SAM1103	Duan_030_20063-0_input_lib_hg38only	Duan_030_20063-0_input_lib_hg38only
PROJ172	GSE289522	SAM1104	Duan_030_20063-1_input_lib_hg38only	Duan_030_20063-1_input_lib_hg38only
PROJ172	GSE289522	SAM1105	Duan_030_20111-1_input_lib_hg38only	Duan_030_20111-1_input_lib_hg38only
PROJ172	GSE289522	SAM1106	Duan_030_20111-0_input_lib_hg38only	Duan_030_20111-0_input_lib_hg38only
PROJ172	GSE289522	SAM1107	Duan_030_50094-0_input_lib_hg38only	Duan_030_50094-0_input_lib_hg38only
PROJ172	GSE289522	SAM1108	Duan_030_50094-1_input_lib_hg38only	Duan_030_50094-1_input_lib_hg38only
PROJ172	GSE289522	SAM1109	Duan_030_70305-0_input_lib_hg38only	Duan_030_70305-0_input_lib_hg38only
PROJ172	GSE289522	SAM1110	Duan_030_70305-1_input_lib_hg38only	Duan_030_70305-1_input_lib_hg38only
PROJ172	GSE289522	SAM1111	Duan_030_70305-6_input_lib_hg38only	Duan_030_70305-6_input_lib_hg38only
PROJ172	GSE289522	SAM1112	Duan_030_20063-6_input_lib_hg38only	Duan_030_20063-6_input_lib_hg38only
PROJ172	GSE289522	SAM1113	Duan_030_20111-6_input_lib_hg38only	Duan_030_20111-6_input_lib_hg38only
PROJ172	GSE289522	SAM1114	Duan_030_50094-6_input_lib_hg38only	Duan_030_50094-6_input_lib_hg38only
PROJ173	GSE290242	SAM1115	KO	KO
PROJ173	GSE290242	SAM1116	WT	WT
PROJ174	GSE290848	SAM1117	C24	C24
PROJ174	GSE290848	SAM1118	C8	C8
PROJ174	GSE290848	SAM1119	PS24	PS24
PROJ174	GSE290848	SAM1120	PS8	PS8
PROJ175	GSE291330	SAM1121	control	control
PROJ175	GSE291330	SAM1122	Prmt5cKO	Prmt5cKO
PROJ176	GSE293381	SAM1123	Ctrl	Ctrl
PROJ176	GSE293381	SAM1124	WIF1-4w	WIF1-4w
PROJ176	GSE293381	SAM1125	WIF1-2w	WIF1-2w
PROJ177	GSE293865	SAM1126	GEMM_Ctr1	GEMM_Ctr1
PROJ177	GSE293865	SAM1127	GEMM_Ctr2	GEMM_Ctr2
PROJ177	GSE293865	SAM1128	GEMM_Inte1	GEMM_Inte1
PROJ178	GSE294559	SAM1129	NP003	NP003
PROJ178	GSE294559	SAM1130	NP008	NP008
PROJ178	GSE294559	SAM1131	NP006	NP006
PROJ178	GSE294559	SAM1132	TO003	TO003
PROJ178	GSE294559	SAM1133	TO006	TO006
PROJ178	GSE294559	SAM1134	TO008	TO008
PROJ178	GSE294559	SAM1135	NO002	NO002
PROJ178	GSE294559	SAM1136	TP007	TP007
PROJ178	GSE294559	SAM1137	NO007	NO007
PROJ178	GSE294559	SAM1138	TP002	TP002
PROJ178	GSE294559	SAM1139	TP009	TP009
PROJ178	GSE294559	SAM1140	NO009	NO009
PROJ178	GSE294559	SAM1141	NO003	NO003
PROJ178	GSE294559	SAM1142	TP003	TP003
PROJ178	GSE294559	SAM1143	TP006	TP006
PROJ178	GSE294559	SAM1144	TP008	TP008
PROJ178	GSE294559	SAM1145	NO006	NO006
PROJ178	GSE294559	SAM1146	NO008	NO008
PROJ178	GSE294559	SAM1147	NP002	NP002
PROJ178	GSE294559	SAM1148	NP007	NP007
PROJ178	GSE294559	SAM1149	TO002	TO002
PROJ178	GSE294559	SAM1150	NP009	NP009
PROJ178	GSE294559	SAM1151	TO007	TO007
PROJ178	GSE294559	SAM1152	TO009	TO009
PROJ178	GSE294559	SAM1153	NP001	NP001
PROJ178	GSE294559	SAM1154	NP004	NP004
PROJ178	GSE294559	SAM1155	TO001	TO001
PROJ178	GSE294559	SAM1156	TO004	TO004
PROJ178	GSE294559	SAM1157	TP005	TP005
PROJ178	GSE294559	SAM1158	NO005	NO005
PROJ178	GSE294559	SAM1159	TP004	TP004
PROJ178	GSE294559	SAM1160	NO001	NO001
PROJ178	GSE294559	SAM1161	TP001	TP001
PROJ178	GSE294559	SAM1162	NO004	NO004
PROJ178	GSE294559	SAM1163	NP005	NP005
PROJ178	GSE294559	SAM1164	TO005	TO005
PROJ179	GSE294772	SAM1165	MM_1031_1_2_MM_1030_1_2	MM_1031_1_2_MM_1030_1_2
PROJ179	GSE294772	SAM1166	MM_1100_1_2_MM_1091_1_2	MM_1100_1_2_MM_1091_1_2
PROJ179	GSE294772	SAM1167	MM_1103_1_2_MM_1094_1_2	MM_1103_1_2_MM_1094_1_2
PROJ179	GSE294772	SAM1168	EE_178_1_2_EE_172_1_2	EE_178_1_2_EE_172_1_2
PROJ179	GSE294772	SAM1169	EE_174_1_2_EE_168_1_2	EE_174_1_2_EE_168_1_2
PROJ179	GSE294772	SAM1170	MM_985_1_2_3_MM_983_1_2	MM_985_1_2_3_MM_983_1_2
PROJ179	GSE294772	SAM1171	MM_989_1_2_3_MM_987_1_2	MM_989_1_2_3_MM_987_1_2
PROJ179	GSE294772	SAM1172	QY_1587_1_2_3_QY_1586_1_2	QY_1587_1_2_3_QY_1586_1_2
PROJ179	GSE294772	SAM1173	QY_1702_1_2_QY_1701_1_2	QY_1702_1_2_QY_1701_1_2
PROJ179	GSE294772	SAM1174	MM_1099_1_2_MM_1090_1_2	MM_1099_1_2_MM_1090_1_2
PROJ179	GSE294772	SAM1175	EE_177_1_2_EE_171_1_2	EE_177_1_2_EE_171_1_2
PROJ179	GSE294772	SAM1176	MM_988_1_2_3_MM_986_1_2	MM_988_1_2_3_MM_986_1_2
PROJ179	GSE294772	SAM1177	MM_946_1_2_MM_941_1_2	MM_946_1_2_MM_941_1_2
PROJ179	GSE294772	SAM1178	MM_1095_1_2_MM_1086_1_2	MM_1095_1_2_MM_1086_1_2
PROJ179	GSE294772	SAM1179	MM_1073_1_2_MM_1064_1_2	MM_1073_1_2_MM_1064_1_2
PROJ179	GSE294772	SAM1180	MM_949_1_2_MM_944_1_2	MM_949_1_2_MM_944_1_2
PROJ179	GSE294772	SAM1181	QY_1608_1_2_3_QY_1607_1_2	QY_1608_1_2_3_QY_1607_1_2
PROJ179	GSE294772	SAM1182	QY_1590_1_2_QY_1589_1_2	QY_1590_1_2_QY_1589_1_2
PROJ179	GSE294772	SAM1183	KA_37_1_2_KA_35_1_2	KA_37_1_2_KA_35_1_2
PROJ179	GSE294772	SAM1184	QY_1594_1_2_QY_1593_1_2	QY_1594_1_2_QY_1593_1_2
PROJ179	GSE294772	SAM1185	MM_1076_1_2_3_MM_1067_1_2	MM_1076_1_2_3_MM_1067_1_2
PROJ179	GSE294772	SAM1186	MM_1102_1_2_MM_1093_1_2	MM_1102_1_2_MM_1093_1_2
PROJ179	GSE294772	SAM1187	MM_1045_1_2_MM_1044_1_2	MM_1045_1_2_MM_1044_1_2
PROJ179	GSE294772	SAM1188	QY_1606_1_2_3_QY_1605_1_2	QY_1606_1_2_3_QY_1605_1_2
PROJ179	GSE294772	SAM1189	MM_992_1_2_MM_990_1_2	MM_992_1_2_MM_990_1_2
PROJ179	GSE294772	SAM1190	QY_1596_1_2_QY_1595_1_2	QY_1596_1_2_QY_1595_1_2
PROJ179	GSE294772	SAM1191	QY_1696_1_2_QY_1695_1_2	QY_1696_1_2_QY_1695_1_2
PROJ179	GSE294772	SAM1192	QY_1618_1_2_3_QY_1617_1_2	QY_1618_1_2_3_QY_1617_1_2
PROJ179	GSE294772	SAM1193	QY_1698_1_2_QY_1697_1_2	QY_1698_1_2_QY_1697_1_2
PROJ179	GSE294772	SAM1194	MM_1004_1_2_3_MM_1002_1_2	MM_1004_1_2_3_MM_1002_1_2
PROJ179	GSE294772	SAM1195	MM_981_1_2_3_4_MM_979_1_2_3	MM_981_1_2_3_4_MM_979_1_2_3
PROJ179	GSE294772	SAM1196	MM_1023_1_2_3_MM_1022_1_2	MM_1023_1_2_3_MM_1022_1_2
PROJ179	GSE294772	SAM1197	EE_175_1_2_EE_169_1_2	EE_175_1_2_EE_169_1_2
PROJ179	GSE294772	SAM1198	MM_1043_1_2_MM_1042_1_2	MM_1043_1_2_MM_1042_1_2
PROJ179	GSE294772	SAM1199	QY_1585_1_2_QY_1584_1_2	QY_1585_1_2_QY_1584_1_2
PROJ179	GSE294772	SAM1200	EE_176_1_2_EE_170_1_2	EE_176_1_2_EE_170_1_2
PROJ179	GSE294772	SAM1201	MM_1035_1_2_MM_1034_1_2	MM_1035_1_2_MM_1034_1_2
PROJ179	GSE294772	SAM1202	QY_1600_1_2_QY_1599_1_2	QY_1600_1_2_QY_1599_1_2
PROJ179	GSE294772	SAM1203	MM_1098_1_2_MM_1089_1_2	MM_1098_1_2_MM_1089_1_2
PROJ179	GSE294772	SAM1204	MM_993_1_2_MM_991_1_2	MM_993_1_2_MM_991_1_2
PROJ179	GSE294772	SAM1205	MM_1101_1_2_3_MM_1092_1_2	MM_1101_1_2_3_MM_1092_1_2
PROJ179	GSE294772	SAM1206	QY_1602_1_2_QY_1601_1_2	QY_1602_1_2_QY_1601_1_2
PROJ179	GSE294772	SAM1207	QY_1700_1_2_QY_1699_1_2	QY_1700_1_2_QY_1699_1_2
PROJ179	GSE294772	SAM1208	MM_1021_1_2_3_MM_1020_1_2	MM_1021_1_2_3_MM_1020_1_2
PROJ179	GSE294772	SAM1209	EE_173_1_2_EE_167_1_2	EE_173_1_2_EE_167_1_2
PROJ179	GSE294772	SAM1210	MM_1041_1_2_MM_1040_1_2	MM_1041_1_2_MM_1040_1_2
PROJ179	GSE294772	SAM1211	MM_1029_1_2_MM_1028_1_2	MM_1029_1_2_MM_1028_1_2
PROJ179	GSE294772	SAM1212	MM_1097_1_2_MM_1088_1_2	MM_1097_1_2_MM_1088_1_2
PROJ179	GSE294772	SAM1213	MM_1077_1_2_3_MM_1068_1_2	MM_1077_1_2_3_MM_1068_1_2
PROJ179	GSE294772	SAM1214	MM_1075_1_2_MM_1066_1_2	MM_1075_1_2_MM_1066_1_2
PROJ179	GSE294772	SAM1215	QY_1616_1_2_QY_1615_1_2	QY_1616_1_2_QY_1615_1_2
PROJ179	GSE294772	SAM1216	MM_1005_1_2_MM_1003_1_2	MM_1005_1_2_MM_1003_1_2
PROJ179	GSE294772	SAM1217	MM_1074_1_2_MM_1065_1_2	MM_1074_1_2_MM_1065_1_2
PROJ180	GSE296091	SAM1218	ENT_WT_2mo	ENT_WT_2mo
PROJ180	GSE296091	SAM1219	ENT_WT_8mo	ENT_WT_8mo
PROJ180	GSE296091	SAM1220	ENT_5xFAD_2mo	ENT_5xFAD_2mo
PROJ180	GSE296091	SAM1221	ENT_5xFAD_8mo	ENT_5xFAD_8mo
PROJ181	GSE296599	SAM1222	GSM8973261	GSM8973261
PROJ182	GSE296943	SAM1223	Hand1	Hand1
PROJ182	GSE296943	SAM1224	Hand2	Hand2
PROJ182	GSE296943	SAM1225	Control2	Control2
PROJ182	GSE296943	SAM1226	Control1	Control1
PROJ183	GSE297350	SAM1227	GSM8989065	GSM8989065
PROJ184	GSE297700	SAM1228	Colon_TCDD	Colon_TCDD
PROJ184	GSE297700	SAM1229	MLN_CAIR	MLN_CAIR
PROJ184	GSE297700	SAM1230	Colon_AHR_KO	Colon_AHR_KO
PROJ184	GSE297700	SAM1231	Colon_Vehicle	Colon_Vehicle
PROJ184	GSE297700	SAM1232	Colon_CAIR	Colon_CAIR
PROJ184	GSE297700	SAM1233	MLN_TCDD	MLN_TCDD
PROJ184	GSE297700	SAM1234	MLN_Vehicle	MLN_Vehicle
PROJ184	GSE297700	SAM1235	MLN_AHR_KO	MLN_AHR_KO
PROJ185	GSE298184	SAM1236	Den_Maf1	Den_Maf1
PROJ185	GSE298184	SAM1237	Den_GFP1	Den_GFP1
PROJ185	GSE298184	SAM1238	Den_Maf2	Den_Maf2
PROJ185	GSE298184	SAM1239	Den_GFP2	Den_GFP2
PROJ185	GSE298184	SAM1240	WT2	WT2
PROJ185	GSE298184	SAM1241	WT1	WT1
PROJ186	GSE298342	SAM1242	LSP2	LSP2
PROJ186	GSE298342	SAM1243	LSP3	LSP3
PROJ186	GSE298342	SAM1244	WT1	WT1
PROJ187	GSE299481	SAM1245	My	My
PROJ187	GSE299481	SAM1246	Ctrl	Ctrl
PROJ188	GSE300730	SAM1247	QCKG1	QCKG1
PROJ188	GSE300730	SAM1248	QCKG2	QCKG2
PROJ189	GSE302266	SAM1249	Day25	Day25
PROJ189	GSE302266	SAM1250	Day7	Day7
PROJ189	GSE302266	SAM1251	Day19	Day19
PROJ189	GSE302266	SAM1252	Day12	Day12
PROJ190	10x_human_brain_1	SAM1253	10x_human_brain_1	10x_human_brain_1
PROJ191	10x_human_brain_2	SAM1254	10x_human_brain_2	10x_human_brain_2
PROJ192	10x_human_Jejunum	SAM1255	10x_human_Jejunum	10x_human_Jejunum
PROJ193	10x_human_kidney	SAM1256	10x_human_kidney	10x_human_kidney
PROJ194	10x_human_lymph_1	SAM1257	10x_human_lymph_1	10x_human_lymph_1
PROJ195	10x_human_lymph_2	SAM1258	10x_human_lymph_2	10x_human_lymph_2
PROJ196	10x_human_PBMC_1	SAM1259	10x_human_PBMC_1	10x_human_PBMC_1
PROJ197	10x_human_PBMC_2	SAM1260	10x_human_PBMC_2	10x_human_PBMC_2
PROJ198	10x_human_PBMC_3	SAM1261	10x_human_PBMC_3	10x_human_PBMC_3
PROJ199	10x_human_PBMC_4	SAM1262	10x_human_PBMC_4	10x_human_PBMC_4
PROJ200	10x_human_PBMC_5	SAM1263	10x_human_PBMC_5	10x_human_PBMC_5
PROJ201	10x_human_PBMC_6	SAM1264	10x_human_PBMC_6	10x_human_PBMC_6
PROJ202	10x_human_PBMC_7	SAM1265	10x_human_PBMC_7	10x_human_PBMC_7
PROJ203	10x_human_PBMC_8	SAM1266	10x_human_PBMC_8	10x_human_PBMC_8
PROJ204	10x_human_PBMC_9	SAM1267	10x_human_PBMC_9	10x_human_PBMC_9
PROJ205	10x_human_PBMC_10	SAM1268	10x_human_PBMC_10	10x_human_PBMC_10
PROJ206	10x_mouse_brain_1	SAM1269	10x_mouse_brain_1	10x_mouse_brain_1
PROJ207	10x_mouse_brain_2	SAM1270	10x_mouse_brain_2	10x_mouse_brain_2
PROJ208	10x_mouse_cortex, hippocampus, ventricular zone, brain_1	SAM1271	10x_mouse_cortex, hippocampus, ventricular zone, brain_1	10x_mouse_cortex, hippocampus, ventricular zone, brain_1
PROJ209	10x_mouse_cortex, hippocampus, ventricular zone, brain_2	SAM1272	10x_mouse_cortex, hippocampus, ventricular zone, brain_2	10x_mouse_cortex, hippocampus, ventricular zone, brain_2
PROJ210	10x_mouse_kidney	SAM1273	10x_mouse_kidney	10x_mouse_kidney
